{"version":"2022.10.24.12","config":{"name":"Drawing.sketchpad","surface":{"isPaint":true,"method":"fill","blend":"normal","enabled":true,"opacity":1,"type":"pattern","pattern":{"type":"pattern","reflect":"no-reflect","repeat":"repeat","smoothing":false,"src":"transparentLight","sx":1,"sy":1,"x0":0.5,"x1":1,"y0":0.5,"y1":1},"isFill":true},"clipPath":{"enabled":true,"style":{"strokeStyle":"black","lineWidth":1}},"description":"Made with Sketchpad","metadata":{},"exportDPI":72,"exportFormat":"png","exportQuality":0.95,"units":"px","width":1920,"height":953,"pages":[{"width":1920,"height":953}],"uuid":"06baf0e1-032c-4624-928a-54dbbd4716ca"},"layers":[{"type":"ellipse","cutout":0,"bbox":{"x":675,"y":592,"width":593,"height":135,"rotation":0,"scale":{"x":1,"y":1},"skew":{"x":0,"y":0},"anchor":{"x":0,"y":0}},"blend":"normal","id":"eabf0b37-34c6-42c4-a0ea-269a5c90dc8b","idx":0,"parentId":"Top","pointerId":"you_66454","seed":1477044550,"fill":{"isPaint":true,"method":"fill","blend":"normal","enabled":true,"opacity":1,"type":"color","color":"#004df5","isFill":true},"filter":{"enabled":true,"opened":true,"stack":[]},"stroke":{"isPaint":true,"method":"stroke","blend":"normal","enabled":true,"opacity":0,"type":"color","color":"#000000","isStroke":true,"alignment":0.5,"lineCap":"round","lineDash":"none","lineDashOffset":0,"lineJoin":"miter","lineWidth":42,"lineWidthVariance":0,"miterLimit":4}},{"type":"ellipse","cutout":0,"bbox":{"x":755,"y":410,"width":593,"height":135,"rotation":0,"scale":{"x":1,"y":1},"skew":{"x":0,"y":0},"anchor":{"x":0,"y":0}},"blend":"normal","id":"443974de-0afe-413a-9f2d-3860a366960f","idx":1,"parentId":"Top","pointerId":"you_66454","seed":1477044550,"fill":{"isPaint":true,"method":"fill","blend":"normal","enabled":true,"opacity":1,"type":"color","color":"#ff0a0a","isFill":true},"filter":{"enabled":true,"opened":true,"stack":[]},"stroke":{"isPaint":true,"method":"stroke","blend":"normal","enabled":true,"opacity":0,"type":"color","color":"#000000","isStroke":true,"alignment":0.5,"lineCap":"round","lineDash":"none","lineDashOffset":0,"lineJoin":"miter","lineWidth":42,"lineWidthVariance":0,"miterLimit":4}},{"type":"ellipse","cutout":0,"bbox":{"x":797,"y":230,"width":593,"height":135,"rotation":0,"scale":{"x":1,"y":1},"skew":{"x":0,"y":0},"anchor":{"x":0,"y":0}},"blend":"normal","id":"514e83c6-8873-4959-8362-9e77f782b555","idx":2,"parentId":"Top","pointerId":"you_66454","seed":1477044550,"fill":{"isPaint":true,"method":"fill","blend":"normal","enabled":true,"opacity":1,"type":"color","color":"#fff200","isFill":true},"filter":{"enabled":true,"opened":true,"stack":[]},"stroke":{"isPaint":true,"method":"stroke","blend":"normal","enabled":true,"opacity":0,"type":"color","color":"#000000","isStroke":true,"alignment":0.5,"lineCap":"round","lineDash":"none","lineDashOffset":0,"lineJoin":"miter","lineWidth":42,"lineWidthVariance":0,"miterLimit":4}},{"type":"ellipse","cutout":0,"bbox":{"x":884,"y":59,"width":317.00000000000006,"height":56.00000000000001,"rotation":0,"scale":{"x":1.0624999999999998,"y":1},"skew":{"x":0,"y":0},"anchor":{"x":0,"y":0}},"blend":"normal","id":"d8dc15de-0966-4bf9-ad7a-fa72c7d91b37","idx":3,"parentId":"Top","pointerId":"you_66378","seed":1438000245,"fill":{"isPaint":true,"method":"fill","blend":"normal","enabled":true,"opacity":1,"type":"color","color":"#9f9f9f","isFill":true},"filter":{"enabled":true,"opened":true,"stack":[]},"stroke":{"isPaint":true,"method":"stroke","blend":"normal","enabled":true,"opacity":0,"type":"color","color":"#000000","isStroke":true,"alignment":0.5,"lineCap":"round","lineDash":"none","lineDashOffset":0,"lineJoin":"miter","lineWidth":42,"lineWidthVariance":0,"miterLimit":4}},{"type":"ellipse","cutout":0,"bbox":{"x":383.1248392349421,"y":714.2402688714028,"width":752,"height":328,"rotation":5.1,"scale":{"x":0.9350453122796385,"y":1.061805112613155},"skew":{"x":0,"y":0},"anchor":{"x":0,"y":0}},"blend":"normal","id":"97c7b48d-34fc-4c68-bce2-f21bc2082a44","idx":4,"parentId":"Top","pointerId":"you_65544","seed":790239755,"fill":{"isPaint":true,"method":"fill","blend":"normal","enabled":true,"opacity":1,"type":"color","color":"#ffffff","isFill":true},"filter":{"enabled":true,"opened":true,"stack":[]},"stroke":{"isPaint":true,"method":"stroke","blend":"normal","enabled":true,"opacity":1,"type":"color","color":"#000000","isStroke":true,"alignment":0.5,"lineCap":"round","lineDash":"none","lineDashOffset":0,"lineJoin":"miter","lineWidth":2,"lineWidthVariance":0,"miterLimit":4}},{"type":"rectangle","cutout":0,"roundness":0,"bbox":{"x":507.4560149312,"y":405.8929963449052,"width":495,"height":8,"rotation":0.3600000000000003,"scale":{"x":0.7035837779374978,"y":-0.9979573090375594},"skew":{"x":0,"y":0},"anchor":{"x":0,"y":0}},"blend":"normal","id":"90c0b3e5-074d-4d80-a849-c85458b79453","idx":5,"parentId":"Top","pointerId":"you_65606","seed":1936554389,"fill":{"isPaint":true,"method":"fill","blend":"normal","enabled":true,"opacity":1,"type":"color","color":"#ffffff","isFill":true},"filter":{"enabled":true,"opened":true,"stack":[]},"stroke":{"isPaint":true,"method":"stroke","blend":"normal","enabled":true,"opacity":1,"type":"color","color":"#000000","isStroke":true,"alignment":0.5,"lineCap":"round","lineDash":"none","lineDashOffset":0,"lineJoin":"miter","lineWidth":2,"lineWidthVariance":0,"miterLimit":4}},{"type":"rectangle","cutout":0,"roundness":0,"bbox":{"x":554.5062094814979,"y":782.9116394237207,"width":495,"height":8,"rotation":5.07,"scale":{"x":1.4156386780152777,"y":-1.1413456042421728},"skew":{"x":0,"y":0},"anchor":{"x":0,"y":0}},"blend":"normal","id":"d440bdc1-81a2-4e04-8cc6-8548378c3a26","idx":6,"parentId":"Top","pointerId":"you_65606","seed":1936554389,"fill":{"isPaint":true,"method":"fill","blend":"normal","enabled":true,"opacity":1,"type":"color","color":"#ffffff","isFill":true},"filter":{"enabled":true,"opened":true,"stack":[]},"stroke":{"isPaint":true,"method":"stroke","blend":"normal","enabled":true,"opacity":1,"type":"color","color":"#000000","isStroke":true,"alignment":0.5,"lineCap":"round","lineDash":"none","lineDashOffset":0,"lineJoin":"miter","lineWidth":2,"lineWidthVariance":0,"miterLimit":4}},{"type":"rectangle","cutout":0,"roundness":0,"bbox":{"x":715.3333333333334,"y":391,"width":100,"height":65,"rotation":0,"scale":{"x":1.393350604490501,"y":1.2093495934959353},"skew":{"x":0,"y":0},"anchor":{"x":0,"y":0}},"blend":"normal","id":"57f1010e-b795-4a82-85a2-434293142d95","idx":7,"parentId":"Top","pointerId":"you_65734","seed":986381358,"fill":{"isPaint":true,"method":"fill","blend":"normal","enabled":true,"opacity":1,"type":"color","color":"#ff3737","isFill":true},"filter":{"enabled":true,"opened":true,"stack":[]},"stroke":{"isPaint":true,"method":"stroke","blend":"normal","enabled":true,"opacity":0,"type":"color","color":"#000000","isStroke":true,"alignment":0.5,"lineCap":"round","lineDash":"none","lineDashOffset":0,"lineJoin":"miter","lineWidth":2,"lineWidthVariance":0,"miterLimit":4}},{"type":"rectangle","cutout":0,"roundness":0,"bbox":{"x":730.5276215535025,"y":321.09349396986187,"width":100,"height":65,"rotation":0,"scale":{"x":1.3956360177638847,"y":1.3956360177638847},"skew":{"x":0,"y":0},"anchor":{"x":0,"y":0}},"blend":"normal","id":"8f6c8e02-6768-464b-ac60-4693044ba73f","idx":8,"parentId":"Top","pointerId":"you_65734","seed":986381358,"fill":{"isPaint":true,"method":"fill","blend":"normal","enabled":true,"opacity":1,"type":"color","color":"#ff3737","isFill":true},"filter":{"enabled":true,"opened":true,"stack":[]},"stroke":{"isPaint":true,"method":"stroke","blend":"normal","enabled":true,"opacity":0,"type":"color","color":"#000000","isStroke":true,"alignment":0.5,"lineCap":"round","lineDash":"none","lineDashOffset":0,"lineJoin":"miter","lineWidth":2,"lineWidthVariance":0,"miterLimit":4}},{"type":"rectangle","cutout":0,"roundness":0,"bbox":{"x":782,"y":215,"width":89,"height":114.99999999999999,"rotation":0,"scale":{"x":1,"y":1},"skew":{"x":0,"y":0},"anchor":{"x":0,"y":0}},"blend":"normal","id":"5394094f-e082-4a15-87e0-9d8062f9d40f","idx":9,"parentId":"Top","pointerId":"you_65788","seed":2075477651,"fill":{"isPaint":true,"method":"fill","blend":"normal","enabled":true,"opacity":1,"type":"color","color":"#ff3737","isFill":true},"filter":{"enabled":true,"opened":true,"stack":[]},"stroke":{"isPaint":true,"method":"stroke","blend":"normal","enabled":true,"opacity":0,"type":"color","color":"#000000","isStroke":true,"alignment":0.5,"lineCap":"round","lineDash":"none","lineDashOffset":0,"lineJoin":"miter","lineWidth":2,"lineWidthVariance":0,"miterLimit":4}},{"type":"rectangle","cutout":0,"roundness":0,"bbox":{"x":786.6617450608156,"y":177.94444192751433,"width":31,"height":85,"rotation":0.3700000000000001,"scale":{"x":2.3559148468530844,"y":2.3559148468530844},"skew":{"x":0,"y":0},"anchor":{"x":0,"y":0}},"blend":"normal","id":"f078b609-8392-4cd5-ac96-f391bfc91b9a","idx":10,"parentId":"Top","pointerId":"you_65790","seed":1873278357,"fill":{"isPaint":true,"method":"fill","blend":"normal","enabled":true,"opacity":1,"type":"color","color":"#ff3737","isFill":true},"filter":{"enabled":true,"opened":true,"stack":[]},"stroke":{"isPaint":true,"method":"stroke","blend":"normal","enabled":true,"opacity":0,"type":"color","color":"#000000","isStroke":true,"alignment":0.5,"lineCap":"round","lineDash":"none","lineDashOffset":0,"lineJoin":"miter","lineWidth":2,"lineWidthVariance":0,"miterLimit":4}},{"type":"rectangle","cutout":0,"roundness":0,"bbox":{"x":716,"y":374,"width":129,"height":100,"rotation":0,"scale":{"x":1,"y":1},"skew":{"x":0,"y":0},"anchor":{"x":0,"y":0}},"blend":"normal","id":"c315d5db-7ee0-4e51-9f0d-ee395181c591","idx":11,"parentId":"Top","pointerId":"you_65793","seed":1594221013,"fill":{"isPaint":true,"method":"fill","blend":"normal","enabled":true,"opacity":1,"type":"color","color":"#ff3737","isFill":true},"filter":{"enabled":true,"opened":true,"stack":[]},"stroke":{"isPaint":true,"method":"stroke","blend":"normal","enabled":true,"opacity":0,"type":"color","color":"#000000","isStroke":true,"alignment":0.5,"lineCap":"round","lineDash":"none","lineDashOffset":0,"lineJoin":"miter","lineWidth":2,"lineWidthVariance":0,"miterLimit":4}},{"type":"rectangle","cutout":0,"roundness":0,"bbox":{"x":744.2232488090833,"y":347.84843372659657,"width":121,"height":130,"rotation":0.34999999999999964,"scale":{"x":1,"y":1},"skew":{"x":0,"y":0},"anchor":{"x":0,"y":0}},"blend":"normal","id":"c34a4baf-42cb-4bb2-ba63-8d179a507c7c","idx":12,"parentId":"Top","pointerId":"you_65795","seed":1618851087,"fill":{"isPaint":true,"method":"fill","blend":"normal","enabled":true,"opacity":1,"type":"color","color":"#ff3737","isFill":true},"filter":{"enabled":true,"opened":true,"stack":[]},"stroke":{"isPaint":true,"method":"stroke","blend":"normal","enabled":true,"opacity":0,"type":"color","color":"#000000","isStroke":true,"alignment":0.5,"lineCap":"round","lineDash":"none","lineDashOffset":0,"lineJoin":"miter","lineWidth":2,"lineWidthVariance":0,"miterLimit":4}},{"type":"rectangle","cutout":0,"roundness":0,"bbox":{"x":782.9818353354061,"y":178.27586275746154,"width":100,"height":60,"rotation":0.3600000000000003,"scale":{"x":1,"y":5.000458905452282},"skew":{"x":0,"y":0},"anchor":{"x":0,"y":0}},"blend":"normal","id":"85c3849d-0cec-4170-a176-933bec0d3713","idx":13,"parentId":"Top","pointerId":"you_65801","seed":1057912841,"fill":{"isPaint":true,"method":"fill","blend":"normal","enabled":true,"opacity":1,"type":"color","color":"#ff3737","isFill":true},"filter":{"enabled":true,"opened":true,"stack":[]},"stroke":{"isPaint":true,"method":"stroke","blend":"normal","enabled":true,"opacity":0,"type":"color","color":"#000000","isStroke":true,"alignment":0.5,"lineCap":"round","lineDash":"none","lineDashOffset":0,"lineJoin":"miter","lineWidth":2,"lineWidthVariance":0,"miterLimit":4}},{"type":"rectangle","cutout":0,"roundness":0,"bbox":{"x":812,"y":153,"width":28.999999999999996,"height":67,"rotation":0,"scale":{"x":1,"y":1},"skew":{"x":0,"y":0},"anchor":{"x":0,"y":0}},"blend":"normal","id":"ab4b966f-80e3-415a-9095-5eb6ef386992","idx":14,"parentId":"Top","pointerId":"you_65536","seed":8350492,"fill":{"isPaint":true,"method":"fill","blend":"normal","enabled":true,"opacity":1,"type":"color","color":"#ff3737","isFill":true},"filter":{"enabled":true,"opened":true,"stack":[]},"stroke":{"isPaint":true,"method":"stroke","blend":"normal","enabled":true,"opacity":0,"type":"color","color":"#000000","isStroke":true,"alignment":0.5,"lineCap":"round","lineDash":"none","lineDashOffset":0,"lineJoin":"miter","lineWidth":2,"lineWidthVariance":0,"miterLimit":4}},{"type":"rectangle","cutout":0,"roundness":0,"bbox":{"x":835,"y":172,"width":17,"height":31,"rotation":0,"scale":{"x":1,"y":1},"skew":{"x":0,"y":0},"anchor":{"x":0,"y":0}},"blend":"normal","id":"102478a0-d01d-4553-85a3-ac567d336369","idx":15,"parentId":"Top","pointerId":"you_65552","seed":1262781698,"fill":{"isPaint":true,"method":"fill","blend":"normal","enabled":true,"opacity":1,"type":"color","color":"#ff3737","isFill":true},"filter":{"enabled":true,"opened":true,"stack":[]},"stroke":{"isPaint":true,"method":"stroke","blend":"normal","enabled":true,"opacity":0,"type":"color","color":"#000000","isStroke":true,"alignment":0.5,"lineCap":"round","lineDash":"none","lineDashOffset":0,"lineJoin":"miter","lineWidth":2,"lineWidthVariance":0,"miterLimit":4}},{"type":"ellipse","cutout":0,"bbox":{"x":848,"y":184,"width":25,"height":81,"rotation":0,"scale":{"x":1,"y":1},"skew":{"x":0,"y":0},"anchor":{"x":0,"y":0}},"blend":"normal","id":"147c884b-b40b-4afd-9c53-6492eb068f15","idx":16,"parentId":"Top","pointerId":"you_65557","seed":2008327046,"fill":{"isPaint":true,"method":"fill","blend":"normal","enabled":true,"opacity":1,"type":"color","color":"#ff3737","isFill":true},"filter":{"enabled":true,"opened":true,"stack":[]},"stroke":{"isPaint":true,"method":"stroke","blend":"normal","enabled":true,"opacity":0,"type":"color","color":"#000000","isStroke":true,"alignment":0.5,"lineCap":"round","lineDash":"none","lineDashOffset":0,"lineJoin":"miter","lineWidth":2,"lineWidthVariance":0,"miterLimit":4}},{"type":"ellipse","cutout":0,"bbox":{"x":858,"y":268,"width":21,"height":154,"rotation":0,"scale":{"x":1,"y":1},"skew":{"x":0,"y":0},"anchor":{"x":0,"y":0}},"blend":"normal","id":"db8daa77-57c8-4776-b2e4-a93b75c9f3ca","idx":17,"parentId":"Top","pointerId":"you_65559","seed":1437851436,"fill":{"isPaint":true,"method":"fill","blend":"normal","enabled":true,"opacity":1,"type":"color","color":"#ff3737","isFill":true},"filter":{"enabled":true,"opened":true,"stack":[]},"stroke":{"isPaint":true,"method":"stroke","blend":"normal","enabled":true,"opacity":0,"type":"color","color":"#000000","isStroke":true,"alignment":0.5,"lineCap":"round","lineDash":"none","lineDashOffset":0,"lineJoin":"miter","lineWidth":2,"lineWidthVariance":0,"miterLimit":4}},{"type":"ellipse","cutout":0,"bbox":{"x":845,"y":230,"width":39.00000000000001,"height":184,"rotation":0,"scale":{"x":1,"y":1},"skew":{"x":0,"y":0},"anchor":{"x":0,"y":0}},"blend":"normal","id":"efba9405-bcc5-446d-885a-2c99d8810e0e","idx":18,"parentId":"Top","pointerId":"you_65561","seed":557004493,"fill":{"isPaint":true,"method":"fill","blend":"normal","enabled":true,"opacity":1,"type":"color","color":"#ff3737","isFill":true},"filter":{"enabled":true,"opened":true,"stack":[]},"stroke":{"isPaint":true,"method":"stroke","blend":"normal","enabled":true,"opacity":0,"type":"color","color":"#000000","isStroke":true,"alignment":0.5,"lineCap":"round","lineDash":"none","lineDashOffset":0,"lineJoin":"miter","lineWidth":2,"lineWidthVariance":0,"miterLimit":4}},{"type":"ellipse","cutout":0,"bbox":{"x":823,"y":372,"width":34,"height":133,"rotation":0,"scale":{"x":1,"y":1},"skew":{"x":0,"y":0},"anchor":{"x":0,"y":0}},"blend":"normal","id":"08da8011-fc8c-4626-92f7-85036e2da314","idx":19,"parentId":"Top","pointerId":"you_65564","seed":1502862196,"fill":{"isPaint":true,"method":"fill","blend":"normal","enabled":true,"opacity":1,"type":"color","color":"#ff3737","isFill":true},"filter":{"enabled":true,"opened":true,"stack":[]},"stroke":{"isPaint":true,"method":"stroke","blend":"normal","enabled":true,"opacity":0,"type":"color","color":"#000000","isStroke":true,"alignment":0.5,"lineCap":"round","lineDash":"none","lineDashOffset":0,"lineJoin":"miter","lineWidth":2,"lineWidthVariance":0,"miterLimit":4}},{"type":"ellipse","cutout":0,"bbox":{"x":841,"y":368,"width":19.000000000000004,"height":115.99999999999999,"rotation":0,"scale":{"x":1,"y":1},"skew":{"x":0,"y":0},"anchor":{"x":0,"y":0}},"blend":"normal","id":"1cb0ad48-56ae-40e0-9a5b-dc6941ec9c11","idx":20,"parentId":"Top","pointerId":"you_65566","seed":1880970950,"fill":{"isPaint":true,"method":"fill","blend":"normal","enabled":true,"opacity":1,"type":"color","color":"#ff3737","isFill":true},"filter":{"enabled":true,"opened":true,"stack":[]},"stroke":{"isPaint":true,"method":"stroke","blend":"normal","enabled":true,"opacity":0,"type":"color","color":"#000000","isStroke":true,"alignment":0.5,"lineCap":"round","lineDash":"none","lineDashOffset":0,"lineJoin":"miter","lineWidth":2,"lineWidthVariance":0,"miterLimit":4}},{"type":"ellipse","cutout":0,"bbox":{"x":849,"y":395,"width":13,"height":73,"rotation":0,"scale":{"x":1,"y":1},"skew":{"x":0,"y":0},"anchor":{"x":0,"y":0}},"blend":"normal","id":"055cbcc4-32a3-4e7b-8c47-fcd275a9a85c","idx":21,"parentId":"Top","pointerId":"you_65569","seed":1087081271,"fill":{"isPaint":true,"method":"fill","blend":"normal","enabled":true,"opacity":1,"type":"color","color":"#ff3737","isFill":true},"filter":{"enabled":true,"opened":true,"stack":[]},"stroke":{"isPaint":true,"method":"stroke","blend":"normal","enabled":true,"opacity":0,"type":"color","color":"#000000","isStroke":true,"alignment":0.5,"lineCap":"round","lineDash":"none","lineDashOffset":0,"lineJoin":"miter","lineWidth":2,"lineWidthVariance":0,"miterLimit":4}},{"type":"ellipse","cutout":0,"bbox":{"x":863,"y":393,"width":8,"height":39.00000000000001,"rotation":0,"scale":{"x":1,"y":1},"skew":{"x":0,"y":0},"anchor":{"x":0,"y":0}},"blend":"normal","id":"5077b62c-7556-4ff9-a337-ed751c86f361","idx":22,"parentId":"Top","pointerId":"you_65571","seed":1239259331,"fill":{"isPaint":true,"method":"fill","blend":"normal","enabled":true,"opacity":1,"type":"color","color":"#ff3737","isFill":true},"filter":{"enabled":true,"opened":true,"stack":[]},"stroke":{"isPaint":true,"method":"stroke","blend":"normal","enabled":true,"opacity":0,"type":"color","color":"#000000","isStroke":true,"alignment":0.5,"lineCap":"round","lineDash":"none","lineDashOffset":0,"lineJoin":"miter","lineWidth":2,"lineWidthVariance":0,"miterLimit":4}},{"type":"ellipse","cutout":0,"bbox":{"x":859,"y":401,"width":10,"height":40,"rotation":0,"scale":{"x":1,"y":1},"skew":{"x":0,"y":0},"anchor":{"x":0,"y":0}},"blend":"normal","id":"dd9ae30a-b531-48be-9191-80377bba1880","idx":23,"parentId":"Top","pointerId":"you_65574","seed":1826342840,"fill":{"isPaint":true,"method":"fill","blend":"normal","enabled":true,"opacity":1,"type":"color","color":"#ff3737","isFill":true},"filter":{"enabled":true,"opened":true,"stack":[]},"stroke":{"isPaint":true,"method":"stroke","blend":"normal","enabled":true,"opacity":0,"type":"color","color":"#000000","isStroke":true,"alignment":0.5,"lineCap":"round","lineDash":"none","lineDashOffset":0,"lineJoin":"miter","lineWidth":2,"lineWidthVariance":0,"miterLimit":4}},{"type":"ellipse","cutout":0,"bbox":{"x":858,"y":426,"width":6,"height":28.000000000000004,"rotation":0,"scale":{"x":1,"y":1},"skew":{"x":0,"y":0},"anchor":{"x":0,"y":0}},"blend":"normal","id":"5c116b02-b4ee-4dd3-9ef7-b1e36d2534c0","idx":24,"parentId":"Top","pointerId":"you_65580","seed":365241370,"fill":{"isPaint":true,"method":"fill","blend":"normal","enabled":true,"opacity":1,"type":"color","color":"#ff3737","isFill":true},"filter":{"enabled":true,"opened":true,"stack":[]},"stroke":{"isPaint":true,"method":"stroke","blend":"normal","enabled":true,"opacity":0,"type":"color","color":"#000000","isStroke":true,"alignment":0.5,"lineCap":"round","lineDash":"none","lineDashOffset":0,"lineJoin":"miter","lineWidth":2,"lineWidthVariance":0,"miterLimit":4}},{"type":"ellipse","cutout":0,"bbox":{"x":789,"y":182,"width":40,"height":20,"rotation":0,"scale":{"x":1,"y":1},"skew":{"x":0,"y":0},"anchor":{"x":0,"y":0}},"blend":"normal","id":"07b01945-04d1-4611-8577-b8036b494af1","idx":25,"parentId":"Top","pointerId":"you_65582","seed":1650453075,"fill":{"isPaint":true,"method":"fill","blend":"normal","enabled":true,"opacity":1,"type":"color","color":"#ff3737","isFill":true},"filter":{"enabled":true,"opened":true,"stack":[]},"stroke":{"isPaint":true,"method":"stroke","blend":"normal","enabled":true,"opacity":0,"type":"color","color":"#000000","isStroke":true,"alignment":0.5,"lineCap":"round","lineDash":"none","lineDashOffset":0,"lineJoin":"miter","lineWidth":2,"lineWidthVariance":0,"miterLimit":4}},{"type":"ellipse","cutout":0,"bbox":{"x":784,"y":166,"width":60,"height":30,"rotation":0,"scale":{"x":1,"y":1},"skew":{"x":0,"y":0},"anchor":{"x":0,"y":0}},"blend":"normal","id":"ee274272-d0fd-4f9c-b168-ed21cd86bc49","idx":26,"parentId":"Top","pointerId":"you_65588","seed":794618793,"fill":{"isPaint":true,"method":"fill","blend":"normal","enabled":true,"opacity":1,"type":"color","color":"#ff3737","isFill":true},"filter":{"enabled":true,"opened":true,"stack":[]},"stroke":{"isPaint":true,"method":"stroke","blend":"normal","enabled":true,"opacity":0,"type":"color","color":"#000000","isStroke":true,"alignment":0.5,"lineCap":"round","lineDash":"none","lineDashOffset":0,"lineJoin":"miter","lineWidth":2,"lineWidthVariance":0,"miterLimit":4}},{"type":"ellipse","cutout":0,"bbox":{"x":795,"y":139,"width":44,"height":25,"rotation":0,"scale":{"x":1,"y":1},"skew":{"x":0,"y":0},"anchor":{"x":0,"y":0}},"blend":"normal","id":"be576548-6772-43f7-8536-2c55cc474264","idx":27,"parentId":"Top","pointerId":"you_65590","seed":390572779,"fill":{"isPaint":true,"method":"fill","blend":"normal","enabled":true,"opacity":1,"type":"color","color":"#ff3737","isFill":true},"filter":{"enabled":true,"opened":true,"stack":[]},"stroke":{"isPaint":true,"method":"stroke","blend":"normal","enabled":true,"opacity":0,"type":"color","color":"#000000","isStroke":true,"alignment":0.5,"lineCap":"round","lineDash":"none","lineDashOffset":0,"lineJoin":"miter","lineWidth":2,"lineWidthVariance":0,"miterLimit":4}},{"type":"ellipse","cutout":0,"bbox":{"x":824,"y":145,"width":22.000000000000004,"height":53,"rotation":0,"scale":{"x":1,"y":1},"skew":{"x":0,"y":0},"anchor":{"x":0,"y":0}},"blend":"normal","id":"4a130ef9-a907-4a43-845c-40bd68676ec8","idx":28,"parentId":"Top","pointerId":"you_65594","seed":155913893,"fill":{"isPaint":true,"method":"fill","blend":"normal","enabled":true,"opacity":1,"type":"color","color":"#ff3737","isFill":true},"filter":{"enabled":true,"opened":true,"stack":[]},"stroke":{"isPaint":true,"method":"stroke","blend":"normal","enabled":true,"opacity":0,"type":"color","color":"#000000","isStroke":true,"alignment":0.5,"lineCap":"round","lineDash":"none","lineDashOffset":0,"lineJoin":"miter","lineWidth":2,"lineWidthVariance":0,"miterLimit":4}},{"type":"ellipse","cutout":0,"bbox":{"x":834,"y":166,"width":34,"height":125,"rotation":0,"scale":{"x":1,"y":1},"skew":{"x":0,"y":0},"anchor":{"x":0,"y":0}},"blend":"normal","id":"a3e306fb-0914-474c-886d-d01dbfd522fd","idx":29,"parentId":"Top","pointerId":"you_65596","seed":1197280586,"fill":{"isPaint":true,"method":"fill","blend":"normal","enabled":true,"opacity":1,"type":"color","color":"#ff3737","isFill":true},"filter":{"enabled":true,"opened":true,"stack":[]},"stroke":{"isPaint":true,"method":"stroke","blend":"normal","enabled":true,"opacity":0,"type":"color","color":"#000000","isStroke":true,"alignment":0.5,"lineCap":"round","lineDash":"none","lineDashOffset":0,"lineJoin":"miter","lineWidth":2,"lineWidthVariance":0,"miterLimit":4}},{"type":"ellipse","cutout":0,"bbox":{"x":830,"y":150,"width":18,"height":32,"rotation":0,"scale":{"x":1,"y":1},"skew":{"x":0,"y":0},"anchor":{"x":0,"y":0}},"blend":"normal","id":"895a4319-33d4-4f14-bb32-99c31b05aba3","idx":30,"parentId":"Top","pointerId":"you_65598","seed":1577217839,"fill":{"isPaint":true,"method":"fill","blend":"normal","enabled":true,"opacity":1,"type":"color","color":"#ff3737","isFill":true},"filter":{"enabled":true,"opened":true,"stack":[]},"stroke":{"isPaint":true,"method":"stroke","blend":"normal","enabled":true,"opacity":0,"type":"color","color":"#000000","isStroke":true,"alignment":0.5,"lineCap":"round","lineDash":"none","lineDashOffset":0,"lineJoin":"miter","lineWidth":2,"lineWidthVariance":0,"miterLimit":4}},{"type":"ellipse","cutout":0,"bbox":{"x":843,"y":156,"width":7.000000000000001,"height":13,"rotation":0,"scale":{"x":1,"y":1},"skew":{"x":0,"y":0},"anchor":{"x":0,"y":0}},"blend":"normal","id":"a8ba4491-f48c-43fb-afc5-bb14a64f1d99","idx":31,"parentId":"Top","pointerId":"you_65603","seed":90821242,"fill":{"isPaint":true,"method":"fill","blend":"normal","enabled":true,"opacity":1,"type":"color","color":"#ff3737","isFill":true},"filter":{"enabled":true,"opened":true,"stack":[]},"stroke":{"isPaint":true,"method":"stroke","blend":"normal","enabled":true,"opacity":0,"type":"color","color":"#000000","isStroke":true,"alignment":0.5,"lineCap":"round","lineDash":"none","lineDashOffset":0,"lineJoin":"miter","lineWidth":2,"lineWidthVariance":0,"miterLimit":4}},{"type":"ellipse","cutout":0,"bbox":{"x":845,"y":179,"width":28.999999999999996,"height":108,"rotation":0,"scale":{"x":1,"y":1},"skew":{"x":0,"y":0},"anchor":{"x":0,"y":0}},"blend":"normal","id":"f9d3e78b-0a9a-4f32-bb49-98561ecdf60d","idx":32,"parentId":"Top","pointerId":"you_65605","seed":513094646,"fill":{"isPaint":true,"method":"fill","blend":"normal","enabled":true,"opacity":1,"type":"color","color":"#ff3737","isFill":true},"filter":{"enabled":true,"opened":true,"stack":[]},"stroke":{"isPaint":true,"method":"stroke","blend":"normal","enabled":true,"opacity":0,"type":"color","color":"#000000","isStroke":true,"alignment":0.5,"lineCap":"round","lineDash":"none","lineDashOffset":0,"lineJoin":"miter","lineWidth":2,"lineWidthVariance":0,"miterLimit":4}},{"type":"ellipse","cutout":0,"bbox":{"x":820,"y":140,"width":18,"height":55.00000000000001,"rotation":0,"scale":{"x":1,"y":1},"skew":{"x":0,"y":0},"anchor":{"x":0,"y":0}},"blend":"normal","id":"7d041244-e3d8-4754-a3f4-fa9aa4ef7c4a","idx":33,"parentId":"Top","pointerId":"you_65607","seed":1308680430,"fill":{"isPaint":true,"method":"fill","blend":"normal","enabled":true,"opacity":1,"type":"color","color":"#ff3737","isFill":true},"filter":{"enabled":true,"opened":true,"stack":[]},"stroke":{"isPaint":true,"method":"stroke","blend":"normal","enabled":true,"opacity":0,"type":"color","color":"#000000","isStroke":true,"alignment":0.5,"lineCap":"round","lineDash":"none","lineDashOffset":0,"lineJoin":"miter","lineWidth":2,"lineWidthVariance":0,"miterLimit":4}},{"type":"ellipse","cutout":0,"bbox":{"x":830,"y":154,"width":18,"height":12,"rotation":0,"scale":{"x":1,"y":1},"skew":{"x":0,"y":0},"anchor":{"x":0,"y":0}},"blend":"normal","id":"5a7363f8-aa83-4a50-b30c-82d2127e497a","idx":34,"parentId":"Top","pointerId":"you_65609","seed":1491032159,"fill":{"isPaint":true,"method":"fill","blend":"normal","enabled":true,"opacity":1,"type":"color","color":"#ff3737","isFill":true},"filter":{"enabled":true,"opened":true,"stack":[]},"stroke":{"isPaint":true,"method":"stroke","blend":"normal","enabled":true,"opacity":0,"type":"color","color":"#000000","isStroke":true,"alignment":0.5,"lineCap":"round","lineDash":"none","lineDashOffset":0,"lineJoin":"miter","lineWidth":2,"lineWidthVariance":0,"miterLimit":4}},{"type":"ellipse","cutout":0,"bbox":{"x":838,"y":164,"width":16,"height":15,"rotation":0,"scale":{"x":1,"y":1},"skew":{"x":0,"y":0},"anchor":{"x":0,"y":0}},"blend":"normal","id":"683aa919-8a31-4831-b96b-eabb3c300983","idx":35,"parentId":"Top","pointerId":"you_65611","seed":88577540,"fill":{"isPaint":true,"method":"fill","blend":"normal","enabled":true,"opacity":1,"type":"color","color":"#ff3737","isFill":true},"filter":{"enabled":true,"opened":true,"stack":[]},"stroke":{"isPaint":true,"method":"stroke","blend":"normal","enabled":true,"opacity":0,"type":"color","color":"#000000","isStroke":true,"alignment":0.5,"lineCap":"round","lineDash":"none","lineDashOffset":0,"lineJoin":"miter","lineWidth":2,"lineWidthVariance":0,"miterLimit":4}},{"type":"ellipse","cutout":0,"bbox":{"x":839,"y":160,"width":15,"height":13,"rotation":0,"scale":{"x":1,"y":1},"skew":{"x":0,"y":0},"anchor":{"x":0,"y":0}},"blend":"normal","id":"1ebf77ab-bbf0-4a76-bd40-b8c2d3976188","idx":36,"parentId":"Top","pointerId":"you_65617","seed":1404500190,"fill":{"isPaint":true,"method":"fill","blend":"normal","enabled":true,"opacity":1,"type":"color","color":"#ff3737","isFill":true},"filter":{"enabled":true,"opened":true,"stack":[]},"stroke":{"isPaint":true,"method":"stroke","blend":"normal","enabled":true,"opacity":0,"type":"color","color":"#000000","isStroke":true,"alignment":0.5,"lineCap":"round","lineDash":"none","lineDashOffset":0,"lineJoin":"miter","lineWidth":2,"lineWidthVariance":0,"miterLimit":4}},{"type":"ellipse","cutout":0,"bbox":{"x":855,"y":193,"width":21,"height":64,"rotation":0,"scale":{"x":1,"y":1},"skew":{"x":0,"y":0},"anchor":{"x":0,"y":0}},"blend":"normal","id":"f2758b14-73f9-4c76-905f-98fbacab01a1","idx":37,"parentId":"Top","pointerId":"you_65619","seed":1831084935,"fill":{"isPaint":true,"method":"fill","blend":"normal","enabled":true,"opacity":1,"type":"color","color":"#ff3737","isFill":true},"filter":{"enabled":true,"opened":true,"stack":[]},"stroke":{"isPaint":true,"method":"stroke","blend":"normal","enabled":true,"opacity":0,"type":"color","color":"#000000","isStroke":true,"alignment":0.5,"lineCap":"round","lineDash":"none","lineDashOffset":0,"lineJoin":"miter","lineWidth":2,"lineWidthVariance":0,"miterLimit":4}},{"type":"ellipse","cutout":0,"bbox":{"x":860,"y":221,"width":23,"height":65,"rotation":0,"scale":{"x":1,"y":1},"skew":{"x":0,"y":0},"anchor":{"x":0,"y":0}},"blend":"normal","id":"e4db6b5f-1bce-4467-8f43-c7a03c27cad0","idx":38,"parentId":"Top","pointerId":"you_65622","seed":304418293,"fill":{"isPaint":true,"method":"fill","blend":"normal","enabled":true,"opacity":1,"type":"color","color":"#ff3737","isFill":true},"filter":{"enabled":true,"opened":true,"stack":[]},"stroke":{"isPaint":true,"method":"stroke","blend":"normal","enabled":true,"opacity":0,"type":"color","color":"#000000","isStroke":true,"alignment":0.5,"lineCap":"round","lineDash":"none","lineDashOffset":0,"lineJoin":"miter","lineWidth":2,"lineWidthVariance":0,"miterLimit":4}},{"type":"ellipse","cutout":0,"bbox":{"x":873,"y":249,"width":15,"height":102,"rotation":0,"scale":{"x":1,"y":1},"skew":{"x":0,"y":0},"anchor":{"x":0,"y":0}},"blend":"normal","id":"81f3cd81-d274-4562-b314-724f7128bac1","idx":39,"parentId":"Top","pointerId":"you_65624","seed":1113212186,"fill":{"isPaint":true,"method":"fill","blend":"normal","enabled":true,"opacity":1,"type":"color","color":"#ff3737","isFill":true},"filter":{"enabled":true,"opened":true,"stack":[]},"stroke":{"isPaint":true,"method":"stroke","blend":"normal","enabled":true,"opacity":0,"type":"color","color":"#000000","isStroke":true,"alignment":0.5,"lineCap":"round","lineDash":"none","lineDashOffset":0,"lineJoin":"miter","lineWidth":2,"lineWidthVariance":0,"miterLimit":4}},{"type":"ellipse","cutout":0,"bbox":{"x":862,"y":206,"width":18,"height":51,"rotation":0,"scale":{"x":1,"y":1},"skew":{"x":0,"y":0},"anchor":{"x":0,"y":0}},"blend":"normal","id":"862dd76e-39e2-46eb-947c-ecd35bb6cc53","idx":40,"parentId":"Top","pointerId":"you_65626","seed":753333278,"fill":{"isPaint":true,"method":"fill","blend":"normal","enabled":true,"opacity":1,"type":"color","color":"#ff3737","isFill":true},"filter":{"enabled":true,"opened":true,"stack":[]},"stroke":{"isPaint":true,"method":"stroke","blend":"normal","enabled":true,"opacity":0,"type":"color","color":"#000000","isStroke":true,"alignment":0.5,"lineCap":"round","lineDash":"none","lineDashOffset":0,"lineJoin":"miter","lineWidth":2,"lineWidthVariance":0,"miterLimit":4}},{"type":"ellipse","cutout":0,"bbox":{"x":692,"y":435,"width":13,"height":33,"rotation":0,"scale":{"x":1,"y":1},"skew":{"x":0,"y":0},"anchor":{"x":0,"y":0}},"blend":"normal","id":"a8e904db-1262-4a93-9384-805f93b2008a","idx":41,"parentId":"Top","pointerId":"you_65628","seed":123952286,"fill":{"isPaint":true,"method":"fill","blend":"normal","enabled":true,"opacity":1,"type":"color","color":"#ff3737","isFill":true},"filter":{"enabled":true,"opened":true,"stack":[]},"stroke":{"isPaint":true,"method":"stroke","blend":"normal","enabled":true,"opacity":0,"type":"color","color":"#000000","isStroke":true,"alignment":0.5,"lineCap":"round","lineDash":"none","lineDashOffset":0,"lineJoin":"miter","lineWidth":2,"lineWidthVariance":0,"miterLimit":4}},{"type":"rectangle","cutout":0,"roundness":0,"bbox":{"x":693.2044364844477,"y":414.7276948110924,"width":106,"height":49,"rotation":0.33999999999999986,"scale":{"x":1,"y":1},"skew":{"x":0,"y":0},"anchor":{"x":0,"y":0}},"blend":"normal","id":"69ea22b6-114b-4b44-a907-00355ffbdae3","idx":42,"parentId":"Top","pointerId":"you_65634","seed":624722712,"fill":{"isPaint":true,"method":"fill","blend":"normal","enabled":true,"opacity":1,"type":"color","color":"#ff3737","isFill":true},"filter":{"enabled":true,"opened":true,"stack":[]},"stroke":{"isPaint":true,"method":"stroke","blend":"normal","enabled":true,"opacity":0,"type":"color","color":"#000000","isStroke":true,"alignment":0.5,"lineCap":"round","lineDash":"none","lineDashOffset":0,"lineJoin":"miter","lineWidth":2,"lineWidthVariance":0,"miterLimit":4}},{"type":"ellipse","cutout":0,"bbox":{"x":809,"y":471,"width":37.99999999999999,"height":45,"rotation":0,"scale":{"x":1,"y":1},"skew":{"x":0,"y":0},"anchor":{"x":0,"y":0}},"blend":"normal","id":"45ec63ad-1052-410b-b4b1-ecede784f48d","idx":43,"parentId":"Top","pointerId":"you_65641","seed":2021602726,"fill":{"isPaint":true,"method":"fill","blend":"normal","enabled":true,"opacity":1,"type":"color","color":"#ff3737","isFill":true},"filter":{"enabled":true,"opened":true,"stack":[]},"stroke":{"isPaint":true,"method":"stroke","blend":"normal","enabled":true,"opacity":0,"type":"color","color":"#000000","isStroke":true,"alignment":0.5,"lineCap":"round","lineDash":"none","lineDashOffset":0,"lineJoin":"miter","lineWidth":2,"lineWidthVariance":0,"miterLimit":4}},{"type":"ellipse","cutout":0,"bbox":{"x":843,"y":423,"width":22,"height":38.00000000000001,"rotation":0,"scale":{"x":1,"y":1},"skew":{"x":0,"y":0},"anchor":{"x":0,"y":0}},"blend":"normal","id":"16e7a288-b543-402d-b2ec-fc0bb05803e3","idx":44,"parentId":"Top","pointerId":"you_65643","seed":320825560,"fill":{"isPaint":true,"method":"fill","blend":"normal","enabled":true,"opacity":1,"type":"color","color":"#ff3737","isFill":true},"filter":{"enabled":true,"opened":true,"stack":[]},"stroke":{"isPaint":true,"method":"stroke","blend":"normal","enabled":true,"opacity":0,"type":"color","color":"#000000","isStroke":true,"alignment":0.5,"lineCap":"round","lineDash":"none","lineDashOffset":0,"lineJoin":"miter","lineWidth":2,"lineWidthVariance":0,"miterLimit":4}},{"type":"ellipse","cutout":0,"bbox":{"x":810,"y":492,"width":30,"height":23,"rotation":0,"scale":{"x":1,"y":1},"skew":{"x":0,"y":0},"anchor":{"x":0,"y":0}},"blend":"normal","id":"61a986d7-ce21-4691-a747-c8276c3382b6","idx":45,"parentId":"Top","pointerId":"you_65645","seed":291689747,"fill":{"isPaint":true,"method":"fill","blend":"normal","enabled":true,"opacity":1,"type":"color","color":"#ff3737","isFill":true},"filter":{"enabled":true,"opened":true,"stack":[]},"stroke":{"isPaint":true,"method":"stroke","blend":"normal","enabled":true,"opacity":0,"type":"color","color":"#000000","isStroke":true,"alignment":0.5,"lineCap":"round","lineDash":"none","lineDashOffset":0,"lineJoin":"miter","lineWidth":2,"lineWidthVariance":0,"miterLimit":4}},{"type":"ellipse","cutout":0,"bbox":{"x":793,"y":135,"width":44,"height":41,"rotation":0,"scale":{"x":1,"y":1},"skew":{"x":0,"y":0},"anchor":{"x":0,"y":0}},"blend":"normal","id":"60fea7f1-af88-4049-a1c7-91a0560fd32b","idx":46,"parentId":"Top","pointerId":"you_65647","seed":1551341185,"fill":{"isPaint":true,"method":"fill","blend":"normal","enabled":true,"opacity":1,"type":"color","color":"#ff3737","isFill":true},"filter":{"enabled":true,"opened":true,"stack":[]},"stroke":{"isPaint":true,"method":"stroke","blend":"normal","enabled":true,"opacity":0,"type":"color","color":"#000000","isStroke":true,"alignment":0.5,"lineCap":"round","lineDash":"none","lineDashOffset":0,"lineJoin":"miter","lineWidth":2,"lineWidthVariance":0,"miterLimit":4}},{"type":"ellipse","cutout":0,"bbox":{"x":788,"y":155,"width":31,"height":20,"rotation":0,"scale":{"x":1,"y":1},"skew":{"x":0,"y":0},"anchor":{"x":0,"y":0}},"blend":"normal","id":"aefd0ab3-c35a-43b4-86e2-b05bff266758","idx":47,"parentId":"Top","pointerId":"you_65650","seed":295105849,"fill":{"isPaint":true,"method":"fill","blend":"normal","enabled":true,"opacity":1,"type":"color","color":"#ff3737","isFill":true},"filter":{"enabled":true,"opened":true,"stack":[]},"stroke":{"isPaint":true,"method":"stroke","blend":"normal","enabled":true,"opacity":0,"type":"color","color":"#000000","isStroke":true,"alignment":0.5,"lineCap":"round","lineDash":"none","lineDashOffset":0,"lineJoin":"miter","lineWidth":2,"lineWidthVariance":0,"miterLimit":4}},{"type":"ellipse","cutout":0,"bbox":{"x":787,"y":163,"width":42,"height":12,"rotation":0,"scale":{"x":1,"y":1},"skew":{"x":0,"y":0},"anchor":{"x":0,"y":0}},"blend":"normal","id":"315be1e9-cd86-4db5-877b-480d43b47971","idx":48,"parentId":"Top","pointerId":"you_65652","seed":1875546059,"fill":{"isPaint":true,"method":"fill","blend":"normal","enabled":true,"opacity":1,"type":"color","color":"#ff3737","isFill":true},"filter":{"enabled":true,"opened":true,"stack":[]},"stroke":{"isPaint":true,"method":"stroke","blend":"normal","enabled":true,"opacity":0,"type":"color","color":"#000000","isStroke":true,"alignment":0.5,"lineCap":"round","lineDash":"none","lineDashOffset":0,"lineJoin":"miter","lineWidth":2,"lineWidthVariance":0,"miterLimit":4}},{"type":"ellipse","cutout":0,"bbox":{"x":784,"y":169,"width":17,"height":5,"rotation":0,"scale":{"x":1,"y":1},"skew":{"x":0,"y":0},"anchor":{"x":0,"y":0}},"blend":"normal","id":"b13b0a20-baf9-46ab-b4e3-976ed18fa2a8","idx":49,"parentId":"Top","pointerId":"you_65655","seed":585395960,"fill":{"isPaint":true,"method":"fill","blend":"normal","enabled":true,"opacity":1,"type":"color","color":"#ff3737","isFill":true},"filter":{"enabled":true,"opened":true,"stack":[]},"stroke":{"isPaint":true,"method":"stroke","blend":"normal","enabled":true,"opacity":0,"type":"color","color":"#000000","isStroke":true,"alignment":0.5,"lineCap":"round","lineDash":"none","lineDashOffset":0,"lineJoin":"miter","lineWidth":2,"lineWidthVariance":0,"miterLimit":4}},{"type":"ellipse","cutout":0,"bbox":{"x":796.8192639228754,"y":148.05726389596407,"width":19.000000000000004,"height":75,"rotation":0.3600000000000003,"scale":{"x":1,"y":1},"skew":{"x":0,"y":0},"anchor":{"x":0,"y":0}},"blend":"normal","id":"492ead16-b059-4b2a-87b3-388cf1db6024","idx":50,"parentId":"Top","pointerId":"you_65662","seed":669536783,"fill":{"isPaint":true,"method":"fill","blend":"normal","enabled":true,"opacity":1,"type":"color","color":"#ff3737","isFill":true},"filter":{"enabled":true,"opened":true,"stack":[]},"stroke":{"isPaint":true,"method":"stroke","blend":"normal","enabled":true,"opacity":0,"type":"color","color":"#000000","isStroke":true,"alignment":0.5,"lineCap":"round","lineDash":"none","lineDashOffset":0,"lineJoin":"miter","lineWidth":2,"lineWidthVariance":0,"miterLimit":4}},{"type":"ellipse","cutout":0,"bbox":{"x":798.99999999995,"y":128.41176470581303,"width":100,"height":60,"rotation":0,"scale":{"x":0.3431372549022829,"y":0.3431372549022829},"skew":{"x":0,"y":0},"anchor":{"x":0,"y":0}},"blend":"normal","id":"b9090a77-0fac-4730-b44d-2bdbf2cae947","idx":51,"parentId":"Top","pointerId":"you_65667","seed":1074897394,"fill":{"isPaint":true,"method":"fill","blend":"normal","enabled":true,"opacity":1,"type":"color","color":"#ff3737","isFill":true},"filter":{"enabled":true,"opened":true,"stack":[]},"stroke":{"isPaint":true,"method":"stroke","blend":"normal","enabled":true,"opacity":0,"type":"color","color":"#000000","isStroke":true,"alignment":0.5,"lineCap":"round","lineDash":"none","lineDashOffset":0,"lineJoin":"miter","lineWidth":2,"lineWidthVariance":0,"miterLimit":4}},{"type":"ellipse","cutout":0,"bbox":{"x":802,"y":112,"width":54,"height":52,"rotation":0,"scale":{"x":1,"y":1},"skew":{"x":0,"y":0},"anchor":{"x":0,"y":0}},"blend":"normal","id":"e33b5ea8-8c49-4fde-ace5-178d73576282","idx":52,"parentId":"Top","pointerId":"you_65798","seed":1459881077,"fill":{"isPaint":true,"method":"fill","blend":"normal","enabled":true,"opacity":1,"type":"color","color":"#ff3737","isFill":true},"filter":{"enabled":true,"opened":true,"stack":[]},"stroke":{"isPaint":true,"method":"stroke","blend":"normal","enabled":true,"opacity":0,"type":"color","color":"#000000","isStroke":true,"alignment":0.5,"lineCap":"round","lineDash":"none","lineDashOffset":0,"lineJoin":"miter","lineWidth":0.28,"lineWidthVariance":0,"miterLimit":4}},{"type":"ellipse","cutout":0,"bbox":{"x":816,"y":485,"width":40,"height":34,"rotation":0,"scale":{"x":1,"y":1},"skew":{"x":0,"y":0},"anchor":{"x":0,"y":0}},"blend":"normal","id":"150a4bc0-45d8-4ea1-9b5d-dc5a340675f2","idx":53,"parentId":"Top","pointerId":"you_65835","seed":133776839,"fill":{"isPaint":true,"method":"fill","blend":"normal","enabled":true,"opacity":1,"type":"color","color":"#ff3737","isFill":true},"filter":{"enabled":true,"opened":true,"stack":[]},"stroke":{"isPaint":true,"method":"stroke","blend":"normal","enabled":true,"opacity":0,"type":"color","color":"#000000","isStroke":true,"alignment":0.5,"lineCap":"round","lineDash":"none","lineDashOffset":0,"lineJoin":"miter","lineWidth":42,"lineWidthVariance":0,"miterLimit":4}},{"type":"ellipse","cutout":0,"bbox":{"x":570,"y":200,"width":154,"height":174,"rotation":0,"scale":{"x":1,"y":1},"skew":{"x":0,"y":0},"anchor":{"x":0,"y":0}},"blend":"normal","id":"276e3226-dc55-4261-932b-134b8bf970a1","idx":54,"parentId":"Top","pointerId":"you_65843","seed":1912483160,"fill":{"isPaint":true,"method":"fill","blend":"normal","enabled":true,"opacity":1,"type":"color","color":"#2469ff","isFill":true},"filter":{"enabled":true,"opened":true,"stack":[]},"stroke":{"isPaint":true,"method":"stroke","blend":"normal","enabled":true,"opacity":0,"type":"color","color":"#000000","isStroke":true,"alignment":0.5,"lineCap":"round","lineDash":"none","lineDashOffset":0,"lineJoin":"miter","lineWidth":42,"lineWidthVariance":0,"miterLimit":4}},{"type":"ellipse","cutout":0,"bbox":{"x":565,"y":333,"width":115.99999999999999,"height":99,"rotation":0,"scale":{"x":1,"y":1},"skew":{"x":0,"y":0},"anchor":{"x":0,"y":0}},"blend":"normal","id":"2b692771-81ad-4a68-9bb9-70db41c21bc6","idx":55,"parentId":"Top","pointerId":"you_65857","seed":1826073844,"fill":{"isPaint":true,"method":"fill","blend":"normal","enabled":true,"opacity":1,"type":"color","color":"#2469ff","isFill":true},"filter":{"enabled":true,"opened":true,"stack":[]},"stroke":{"isPaint":true,"method":"stroke","blend":"normal","enabled":true,"opacity":0,"type":"color","color":"#000000","isStroke":true,"alignment":0.5,"lineCap":"round","lineDash":"none","lineDashOffset":0,"lineJoin":"miter","lineWidth":42,"lineWidthVariance":0,"miterLimit":4}},{"type":"rectangle","cutout":0,"roundness":0,"bbox":{"x":547.6948300193446,"y":345.47341192233927,"width":151.00000000000003,"height":57.99999999999999,"rotation":0.3899999999999997,"scale":{"x":1,"y":1},"skew":{"x":0,"y":0},"anchor":{"x":0,"y":0}},"blend":"normal","id":"2ebdf8bc-4282-48b5-86bb-8a456955940b","idx":56,"parentId":"Top","pointerId":"you_65863","seed":984527466,"fill":{"isPaint":true,"method":"fill","blend":"normal","enabled":true,"opacity":1,"type":"color","color":"#2469ff","isFill":true},"filter":{"enabled":true,"opened":true,"stack":[]},"stroke":{"isPaint":true,"method":"stroke","blend":"normal","enabled":true,"opacity":0,"type":"color","color":"#000000","isStroke":true,"alignment":0.5,"lineCap":"round","lineDash":"none","lineDashOffset":0,"lineJoin":"miter","lineWidth":2,"lineWidthVariance":0,"miterLimit":4}},{"type":"rectangle","cutout":0,"roundness":0,"bbox":{"x":595.078489478911,"y":386.9844109202085,"width":325,"height":96,"rotation":5.09,"scale":{"x":0.953934976118475,"y":0.9539349761184749},"skew":{"x":0,"y":0},"anchor":{"x":0,"y":0}},"blend":"normal","id":"40c6453e-e769-4150-914c-b8fc1478ba8f","idx":57,"parentId":"Top","pointerId":"you_65867","seed":2143142353,"fill":{"isPaint":true,"method":"fill","blend":"normal","enabled":true,"opacity":1,"type":"color","color":"#2469ff","isFill":true},"filter":{"enabled":true,"opened":true,"stack":[]},"stroke":{"isPaint":true,"method":"stroke","blend":"normal","enabled":true,"opacity":0,"type":"color","color":"#000000","isStroke":true,"alignment":0.5,"lineCap":"round","lineDash":"none","lineDashOffset":0,"lineJoin":"miter","lineWidth":2,"lineWidthVariance":0,"miterLimit":4}},{"type":"rectangle","cutout":0,"roundness":0,"bbox":{"x":538,"y":339,"width":88,"height":25,"rotation":0,"scale":{"x":1,"y":1},"skew":{"x":0,"y":0},"anchor":{"x":0,"y":0}},"blend":"normal","id":"c6029b78-d4d1-4d0e-9576-6b55c78e5557","idx":58,"parentId":"Top","pointerId":"you_65876","seed":1054228977,"fill":{"isPaint":true,"method":"fill","blend":"normal","enabled":true,"opacity":1,"type":"color","color":"#2469ff","isFill":true},"filter":{"enabled":true,"opened":true,"stack":[]},"stroke":{"isPaint":true,"method":"stroke","blend":"normal","enabled":true,"opacity":0,"type":"color","color":"#000000","isStroke":true,"alignment":0.5,"lineCap":"round","lineDash":"none","lineDashOffset":0,"lineJoin":"miter","lineWidth":2,"lineWidthVariance":0,"miterLimit":4}},{"type":"rectangle","cutout":0,"roundness":0,"bbox":{"x":636.99999999995,"y":159.99999999995,"width":100,"height":60,"rotation":0,"scale":{"x":1,"y":1},"skew":{"x":0,"y":0},"anchor":{"x":0,"y":0}},"blend":"normal","id":"8d951025-d717-419b-89ca-82967b5a9dfa","idx":59,"parentId":"Top","pointerId":"you_65879","seed":12122440,"fill":{"isPaint":true,"method":"fill","blend":"normal","enabled":true,"opacity":1,"type":"color","color":"#2469ff","isFill":true},"filter":{"enabled":true,"opened":true,"stack":[]},"stroke":{"isPaint":true,"method":"stroke","blend":"normal","enabled":true,"opacity":0,"type":"color","color":"#000000","isStroke":true,"alignment":0.5,"lineCap":"round","lineDash":"none","lineDashOffset":0,"lineJoin":"miter","lineWidth":2,"lineWidthVariance":0,"miterLimit":4}},{"type":"rectangle","cutout":0,"roundness":0,"bbox":{"x":539.99999999995,"y":291.99999999995,"width":100,"height":60,"rotation":0,"scale":{"x":1,"y":1},"skew":{"x":0,"y":0},"anchor":{"x":0,"y":0}},"blend":"normal","id":"325060e0-4991-4a52-bca5-6a008497d426","idx":60,"parentId":"Top","pointerId":"you_65882","seed":661050787,"fill":{"isPaint":true,"method":"fill","blend":"normal","enabled":true,"opacity":1,"type":"color","color":"#2469ff","isFill":true},"filter":{"enabled":true,"opened":true,"stack":[]},"stroke":{"isPaint":true,"method":"stroke","blend":"normal","enabled":true,"opacity":0,"type":"color","color":"#000000","isStroke":true,"alignment":0.5,"lineCap":"round","lineDash":"none","lineDashOffset":0,"lineJoin":"miter","lineWidth":2,"lineWidthVariance":0,"miterLimit":4}},{"type":"rectangle","cutout":0,"roundness":0,"bbox":{"x":530.2320956785974,"y":339.94940803352114,"width":100,"height":60,"rotation":0.3700000000000001,"scale":{"x":1,"y":1},"skew":{"x":0,"y":0},"anchor":{"x":0,"y":0}},"blend":"normal","id":"6a32c4d2-18f6-4cbc-80b2-6dec16110519","idx":61,"parentId":"Top","pointerId":"you_65885","seed":1359953798,"fill":{"isPaint":true,"method":"fill","blend":"normal","enabled":true,"opacity":1,"type":"color","color":"#2469ff","isFill":true},"filter":{"enabled":true,"opened":true,"stack":[]},"stroke":{"isPaint":true,"method":"stroke","blend":"normal","enabled":true,"opacity":0,"type":"color","color":"#000000","isStroke":true,"alignment":0.5,"lineCap":"round","lineDash":"none","lineDashOffset":0,"lineJoin":"miter","lineWidth":2,"lineWidthVariance":0,"miterLimit":4}},{"type":"rectangle","cutout":0,"roundness":0,"bbox":{"x":568.9752259143115,"y":357.79460942667095,"width":100,"height":60,"rotation":0.3200000000000003,"scale":{"x":1,"y":1},"skew":{"x":0,"y":0},"anchor":{"x":0,"y":0}},"blend":"normal","id":"d72b4ab4-8963-4eba-ab36-c5b984745afc","idx":62,"parentId":"Top","pointerId":"you_65890","seed":202769551,"fill":{"isPaint":true,"method":"fill","blend":"normal","enabled":true,"opacity":1,"type":"color","color":"#2469ff","isFill":true},"filter":{"enabled":true,"opened":true,"stack":[]},"stroke":{"isPaint":true,"method":"stroke","blend":"normal","enabled":true,"opacity":0,"type":"color","color":"#000000","isStroke":true,"alignment":0.5,"lineCap":"round","lineDash":"none","lineDashOffset":0,"lineJoin":"miter","lineWidth":2,"lineWidthVariance":0,"miterLimit":4}},{"type":"rectangle","cutout":0,"roundness":0,"bbox":{"x":762,"y":103,"width":33,"height":31,"rotation":0,"scale":{"x":1,"y":1},"skew":{"x":0,"y":0},"anchor":{"x":0,"y":0}},"blend":"normal","id":"a0244520-4263-446e-9ce8-fba09879b1b4","idx":63,"parentId":"Top","pointerId":"you_65895","seed":1886481152,"fill":{"isPaint":true,"method":"fill","blend":"normal","enabled":true,"opacity":1,"type":"color","color":"#2469ff","isFill":true},"filter":{"enabled":true,"opened":true,"stack":[]},"stroke":{"isPaint":true,"method":"stroke","blend":"normal","enabled":true,"opacity":0,"type":"color","color":"#000000","isStroke":true,"alignment":0.5,"lineCap":"round","lineDash":"none","lineDashOffset":0,"lineJoin":"miter","lineWidth":2,"lineWidthVariance":0,"miterLimit":4}},{"type":"rectangle","cutout":0,"roundness":0,"bbox":{"x":663,"y":582,"width":111.00000000000001,"height":57.99999999999999,"rotation":0,"scale":{"x":1,"y":1},"skew":{"x":0,"y":0},"anchor":{"x":0,"y":0}},"blend":"normal","id":"06ae29fb-5ec2-4655-aabc-95fb1fd21dcb","idx":64,"parentId":"Top","pointerId":"you_65909","seed":1078685967,"fill":{"isPaint":true,"method":"fill","blend":"normal","enabled":true,"opacity":1,"type":"color","color":"#74a126","isFill":true},"filter":{"enabled":true,"opened":true,"stack":[]},"stroke":{"isPaint":true,"method":"stroke","blend":"normal","enabled":true,"opacity":0,"type":"color","color":"#000000","isStroke":true,"alignment":0.5,"lineCap":"round","lineDash":"none","lineDashOffset":0,"lineJoin":"miter","lineWidth":2,"lineWidthVariance":0,"miterLimit":4}},{"type":"rectangle","cutout":0,"roundness":0,"bbox":{"x":664.8773977246495,"y":484.6182697977498,"width":197,"height":120,"rotation":0.34999999999999964,"scale":{"x":0.7071741123287405,"y":1.0051325989884423},"skew":{"x":0,"y":0},"anchor":{"x":0,"y":0}},"blend":"normal","id":"9a2da4fa-f9ce-4bfa-8411-bb3bb2c32d26","idx":65,"parentId":"Top","pointerId":"you_65910","seed":1218906339,"fill":{"isPaint":true,"method":"fill","blend":"normal","enabled":true,"opacity":1,"type":"color","color":"#74a126","isFill":true},"filter":{"enabled":true,"opened":true,"stack":[]},"stroke":{"isPaint":true,"method":"stroke","blend":"normal","enabled":true,"opacity":0,"type":"color","color":"#000000","isStroke":true,"alignment":0.5,"lineCap":"round","lineDash":"none","lineDashOffset":0,"lineJoin":"miter","lineWidth":2,"lineWidthVariance":0,"miterLimit":4}},{"type":"rectangle","cutout":0,"roundness":0,"bbox":{"x":671.4191736753766,"y":470.4165782743548,"width":100,"height":60,"rotation":0.33000000000000007,"scale":{"x":1,"y":1},"skew":{"x":0,"y":0},"anchor":{"x":0,"y":0}},"blend":"normal","id":"6bd0e4c4-02ad-4211-bf6f-d05f32ab2610","idx":66,"parentId":"Top","pointerId":"you_65928","seed":519762343,"fill":{"isPaint":true,"method":"fill","blend":"normal","enabled":true,"opacity":1,"type":"color","color":"#74a126","isFill":true},"filter":{"enabled":true,"opened":true,"stack":[]},"stroke":{"isPaint":true,"method":"stroke","blend":"normal","enabled":true,"opacity":0,"type":"color","color":"#000000","isStroke":true,"alignment":0.5,"lineCap":"round","lineDash":"none","lineDashOffset":0,"lineJoin":"miter","lineWidth":2,"lineWidthVariance":0,"miterLimit":4}},{"type":"rectangle","cutout":0,"roundness":0,"bbox":{"x":626.3298149079923,"y":587.9619326484755,"width":100,"height":60,"rotation":0.3700000000000001,"scale":{"x":1,"y":2.4838709677407387},"skew":{"x":0,"y":0},"anchor":{"x":0,"y":0}},"blend":"normal","id":"15538b82-338f-46e1-ab47-e3aa6441ab9d","idx":67,"parentId":"Top","pointerId":"you_65957","seed":8189143,"fill":{"isPaint":true,"method":"fill","blend":"normal","enabled":true,"opacity":1,"type":"color","color":"#74a126","isFill":true},"filter":{"enabled":true,"opened":true,"stack":[]},"stroke":{"isPaint":true,"method":"stroke","blend":"normal","enabled":true,"opacity":0,"type":"color","color":"#000000","isStroke":true,"alignment":0.5,"lineCap":"round","lineDash":"none","lineDashOffset":0,"lineJoin":"miter","lineWidth":2,"lineWidthVariance":0,"miterLimit":4}},{"type":"rectangle","cutout":0,"roundness":0,"bbox":{"x":671.99999999995,"y":625.99999999995,"width":100,"height":60,"rotation":0,"scale":{"x":1,"y":1},"skew":{"x":0,"y":0},"anchor":{"x":0,"y":0}},"blend":"normal","id":"419a4d63-9aa3-45aa-91c9-4c89c40ec39f","idx":68,"parentId":"Top","pointerId":"you_65966","seed":289165455,"fill":{"isPaint":true,"method":"fill","blend":"normal","enabled":true,"opacity":1,"type":"color","color":"#74a126","isFill":true},"filter":{"enabled":true,"opened":true,"stack":[]},"stroke":{"isPaint":true,"method":"stroke","blend":"normal","enabled":true,"opacity":0,"type":"color","color":"#000000","isStroke":true,"alignment":0.5,"lineCap":"round","lineDash":"none","lineDashOffset":0,"lineJoin":"miter","lineWidth":2,"lineWidthVariance":0,"miterLimit":4}},{"type":"rectangle","cutout":0,"roundness":0,"bbox":{"x":636.9411923177839,"y":706.4013748735589,"width":100,"height":60,"rotation":5.65,"scale":{"x":1,"y":1},"skew":{"x":0,"y":0},"anchor":{"x":0,"y":0}},"blend":"normal","id":"63cae391-38f5-46fe-ab3c-ac889e061969","idx":69,"parentId":"Top","pointerId":"you_65969","seed":23110681,"fill":{"isPaint":true,"method":"fill","blend":"normal","enabled":true,"opacity":1,"type":"color","color":"#74a126","isFill":true},"filter":{"enabled":true,"opened":true,"stack":[]},"stroke":{"isPaint":true,"method":"stroke","blend":"normal","enabled":true,"opacity":0,"type":"color","color":"#000000","isStroke":true,"alignment":0.5,"lineCap":"round","lineDash":"none","lineDashOffset":0,"lineJoin":"miter","lineWidth":2,"lineWidthVariance":0,"miterLimit":4}},{"type":"rectangle","cutout":0,"roundness":0,"bbox":{"x":751.1601994607792,"y":497.2433074480724,"width":100,"height":60,"rotation":0.3899999999999997,"scale":{"x":1,"y":1},"skew":{"x":0,"y":0},"anchor":{"x":0,"y":0}},"blend":"normal","id":"001adb70-7b4a-41ea-8095-9ed152dbb167","idx":70,"parentId":"Top","pointerId":"you_65974","seed":1582775929,"fill":{"isPaint":true,"method":"fill","blend":"normal","enabled":true,"opacity":1,"type":"color","color":"#74a126","isFill":true},"filter":{"enabled":true,"opened":true,"stack":[]},"stroke":{"isPaint":true,"method":"stroke","blend":"normal","enabled":true,"opacity":0,"type":"color","color":"#000000","isStroke":true,"alignment":0.5,"lineCap":"round","lineDash":"none","lineDashOffset":0,"lineJoin":"miter","lineWidth":2,"lineWidthVariance":0,"miterLimit":4}},{"type":"rectangle","cutout":0,"roundness":0,"bbox":{"x":673.7146783121525,"y":469.0852247419692,"width":100,"height":60,"rotation":0.3700000000000001,"scale":{"x":1.8270857267086231,"y":0.7777071275065819},"skew":{"x":0,"y":0},"anchor":{"x":0,"y":0}},"blend":"normal","id":"7d495e8c-7038-4be3-be9b-d9417b1211fb","idx":71,"parentId":"Top","pointerId":"you_65979","seed":1451887128,"fill":{"isPaint":true,"method":"fill","blend":"normal","enabled":true,"opacity":1,"type":"color","color":"#74a126","isFill":true},"filter":{"enabled":true,"opened":true,"stack":[]},"stroke":{"isPaint":true,"method":"stroke","blend":"normal","enabled":true,"opacity":0,"type":"color","color":"#000000","isStroke":true,"alignment":0.5,"lineCap":"round","lineDash":"none","lineDashOffset":0,"lineJoin":"miter","lineWidth":2,"lineWidthVariance":0,"miterLimit":4}},{"type":"rectangle","cutout":0,"roundness":0,"bbox":{"x":765.3062618303053,"y":504.13256412024407,"width":100,"height":60,"rotation":0.3600000000000003,"scale":{"x":1,"y":0.3880597014929942},"skew":{"x":0,"y":0},"anchor":{"x":0,"y":0}},"blend":"normal","id":"95c78234-6eea-4286-83dd-88ef4e655a66","idx":72,"parentId":"Top","pointerId":"you_65994","seed":1557444280,"fill":{"isPaint":true,"method":"fill","blend":"normal","enabled":true,"opacity":1,"type":"color","color":"#74a126","isFill":true},"filter":{"enabled":true,"opened":true,"stack":[]},"stroke":{"isPaint":true,"method":"stroke","blend":"normal","enabled":true,"opacity":0,"type":"color","color":"#000000","isStroke":true,"alignment":0.5,"lineCap":"round","lineDash":"none","lineDashOffset":0,"lineJoin":"miter","lineWidth":2,"lineWidthVariance":0,"miterLimit":4}},{"type":"rectangle","cutout":0,"roundness":0,"bbox":{"x":701.9168123578006,"y":630.1873329842713,"width":100,"height":60,"rotation":5.32,"scale":{"x":1.2857142857144899,"y":1.2857142857144899},"skew":{"x":0,"y":0},"anchor":{"x":0,"y":0}},"blend":"normal","id":"e67b39a4-daf1-4671-958c-bfa2140cd671","idx":73,"parentId":"Top","pointerId":"you_66000","seed":195515311,"fill":{"isPaint":true,"method":"fill","blend":"normal","enabled":true,"opacity":1,"type":"color","color":"#74a126","isFill":true},"filter":{"enabled":true,"opened":true,"stack":[]},"stroke":{"isPaint":true,"method":"stroke","blend":"normal","enabled":true,"opacity":0,"type":"color","color":"#000000","isStroke":true,"alignment":0.5,"lineCap":"round","lineDash":"none","lineDashOffset":0,"lineJoin":"miter","lineWidth":2,"lineWidthVariance":0,"miterLimit":4}},{"type":"rectangle","cutout":0,"roundness":0,"bbox":{"x":578.0846432992229,"y":713.5420890706096,"width":100,"height":60,"rotation":0.3600000000000003,"scale":{"x":0.8363363885240044,"y":1.0860629648387217},"skew":{"x":0,"y":0},"anchor":{"x":0,"y":0}},"blend":"normal","id":"93102255-cbf4-449b-9f05-5c3ae8da6c0f","idx":74,"parentId":"Top","pointerId":"you_66007","seed":2016638369,"fill":{"isPaint":true,"method":"fill","blend":"normal","enabled":true,"opacity":1,"type":"color","color":"#74a126","isFill":true},"filter":{"enabled":true,"opened":true,"stack":[]},"stroke":{"isPaint":true,"method":"stroke","blend":"normal","enabled":true,"opacity":0,"type":"color","color":"#000000","isStroke":true,"alignment":0.5,"lineCap":"round","lineDash":"none","lineDashOffset":0,"lineJoin":"miter","lineWidth":2,"lineWidthVariance":0,"miterLimit":4}},{"type":"rectangle","cutout":0,"roundness":0,"bbox":{"x":551.4782078276821,"y":781.112686507763,"width":100,"height":60,"rotation":5.219999999999999,"scale":{"x":1,"y":1},"skew":{"x":0,"y":0},"anchor":{"x":0,"y":0}},"blend":"normal","id":"21bafa15-31d4-4c10-8400-c031d5e2d196","idx":75,"parentId":"Top","pointerId":"you_66018","seed":1704900563,"fill":{"isPaint":true,"method":"fill","blend":"normal","enabled":true,"opacity":1,"type":"color","color":"#74a126","isFill":true},"filter":{"enabled":true,"opened":true,"stack":[]},"stroke":{"isPaint":true,"method":"stroke","blend":"normal","enabled":true,"opacity":0,"type":"color","color":"#000000","isStroke":true,"alignment":0.5,"lineCap":"round","lineDash":"none","lineDashOffset":0,"lineJoin":"miter","lineWidth":2,"lineWidthVariance":0,"miterLimit":4}},{"type":"rectangle","cutout":0,"roundness":0,"bbox":{"x":610.5585306565084,"y":740.0238515384785,"width":100,"height":60,"rotation":5.57,"scale":{"x":1,"y":1},"skew":{"x":0,"y":0},"anchor":{"x":0,"y":0}},"blend":"normal","id":"20d6dae0-92a2-4fd7-ae64-a606ea95305d","idx":76,"parentId":"Top","pointerId":"you_66026","seed":1537210252,"fill":{"isPaint":true,"method":"fill","blend":"normal","enabled":true,"opacity":1,"type":"color","color":"#74a126","isFill":true},"filter":{"enabled":true,"opened":true,"stack":[]},"stroke":{"isPaint":true,"method":"stroke","blend":"normal","enabled":true,"opacity":0,"type":"color","color":"#000000","isStroke":true,"alignment":0.5,"lineCap":"round","lineDash":"none","lineDashOffset":0,"lineJoin":"miter","lineWidth":2,"lineWidthVariance":0,"miterLimit":4}},{"type":"rectangle","cutout":0,"roundness":0,"bbox":{"x":489,"y":495,"width":112.99999999999999,"height":125,"rotation":0,"scale":{"x":1,"y":1},"skew":{"x":0,"y":0},"anchor":{"x":0,"y":0}},"blend":"normal","id":"8bbdd786-05a0-494d-9084-30e1b91f528e","idx":77,"parentId":"Top","pointerId":"you_66040","seed":1734938969,"fill":{"isPaint":true,"method":"fill","blend":"normal","enabled":true,"opacity":1,"type":"color","color":"#fff200","isFill":true},"filter":{"enabled":true,"opened":true,"stack":[]},"stroke":{"isPaint":true,"method":"stroke","blend":"normal","enabled":true,"opacity":0,"type":"color","color":"#000000","isStroke":true,"alignment":0.5,"lineCap":"round","lineDash":"none","lineDashOffset":0,"lineJoin":"miter","lineWidth":2,"lineWidthVariance":0,"miterLimit":4}},{"type":"rectangle","cutout":0,"roundness":0,"bbox":{"x":466.00326766473523,"y":756.189045915762,"width":409,"height":78.99999999999999,"rotation":5.08,"scale":{"x":0.8376829253282947,"y":1},"skew":{"x":0,"y":0},"anchor":{"x":0,"y":0}},"blend":"normal","id":"f3c98a0f-47f1-4a5d-bbf2-5777085c5b68","idx":78,"parentId":"Top","pointerId":"you_66042","seed":299554883,"fill":{"isPaint":true,"method":"fill","blend":"normal","enabled":true,"opacity":1,"type":"color","color":"#fff200","isFill":true},"filter":{"enabled":true,"opened":true,"stack":[]},"stroke":{"isPaint":true,"method":"stroke","blend":"normal","enabled":true,"opacity":0,"type":"color","color":"#000000","isStroke":true,"alignment":0.5,"lineCap":"round","lineDash":"none","lineDashOffset":0,"lineJoin":"miter","lineWidth":2,"lineWidthVariance":0,"miterLimit":4}},{"type":"rectangle","cutout":0,"roundness":0,"bbox":{"x":509.23209567859703,"y":405.9494080335208,"width":100,"height":60,"rotation":0.3700000000000001,"scale":{"x":1,"y":1},"skew":{"x":0,"y":0},"anchor":{"x":0,"y":0}},"blend":"normal","id":"63a7a555-492a-4c5a-9748-09aee3410740","idx":79,"parentId":"Top","pointerId":"you_66050","seed":322421661,"fill":{"isPaint":true,"method":"fill","blend":"normal","enabled":true,"opacity":1,"type":"color","color":"#fff200","isFill":true},"filter":{"enabled":true,"opened":true,"stack":[]},"stroke":{"isPaint":true,"method":"stroke","blend":"normal","enabled":true,"opacity":0,"type":"color","color":"#000000","isStroke":true,"alignment":0.5,"lineCap":"round","lineDash":"none","lineDashOffset":0,"lineJoin":"miter","lineWidth":2,"lineWidthVariance":0,"miterLimit":4}},{"type":"rectangle","cutout":0,"roundness":0,"bbox":{"x":474.99999999995,"y":458.99999999995,"width":100,"height":60,"rotation":0,"scale":{"x":1,"y":1},"skew":{"x":0,"y":0},"anchor":{"x":0,"y":0}},"blend":"normal","id":"ea94f3c4-7610-49bd-ba99-e4b22ee4fac9","idx":80,"parentId":"Top","pointerId":"you_66066","seed":1154609846,"fill":{"isPaint":true,"method":"fill","blend":"normal","enabled":true,"opacity":1,"type":"color","color":"#fff200","isFill":true},"filter":{"enabled":true,"opened":true,"stack":[]},"stroke":{"isPaint":true,"method":"stroke","blend":"normal","enabled":true,"opacity":0,"type":"color","color":"#000000","isStroke":true,"alignment":0.5,"lineCap":"round","lineDash":"none","lineDashOffset":0,"lineJoin":"miter","lineWidth":2,"lineWidthVariance":0,"miterLimit":4}},{"type":"rectangle","cutout":0,"roundness":0,"bbox":{"x":459.6203216033419,"y":716.7702234324267,"width":100,"height":60,"rotation":4.719999999999999,"scale":{"x":1,"y":1},"skew":{"x":0,"y":0},"anchor":{"x":0,"y":0}},"blend":"normal","id":"4451b5bd-2193-4d63-8b5d-411e829f663c","idx":81,"parentId":"Top","pointerId":"you_66069","seed":680567269,"fill":{"isPaint":true,"method":"fill","blend":"normal","enabled":true,"opacity":1,"type":"color","color":"#fff200","isFill":true},"filter":{"enabled":true,"opened":true,"stack":[]},"stroke":{"isPaint":true,"method":"stroke","blend":"normal","enabled":true,"opacity":0,"type":"color","color":"#000000","isStroke":true,"alignment":0.5,"lineCap":"round","lineDash":"none","lineDashOffset":0,"lineJoin":"miter","lineWidth":2,"lineWidthVariance":0,"miterLimit":4}},{"type":"rectangle","cutout":0,"roundness":0,"bbox":{"x":457.1241466352737,"y":624.4639432212807,"width":100,"height":60,"rotation":4.73,"scale":{"x":1.250771229564643,"y":1},"skew":{"x":0,"y":0},"anchor":{"x":0,"y":0}},"blend":"normal","id":"1c8f0536-e70c-4387-b35d-a034150155e8","idx":82,"parentId":"Top","pointerId":"you_66074","seed":2069664061,"fill":{"isPaint":true,"method":"fill","blend":"normal","enabled":true,"opacity":1,"type":"color","color":"#fff200","isFill":true},"filter":{"enabled":true,"opened":true,"stack":[]},"stroke":{"isPaint":true,"method":"stroke","blend":"normal","enabled":true,"opacity":0,"type":"color","color":"#000000","isStroke":true,"alignment":0.5,"lineCap":"round","lineDash":"none","lineDashOffset":0,"lineJoin":"miter","lineWidth":2,"lineWidthVariance":0,"miterLimit":4}},{"type":"rectangle","cutout":0,"roundness":0,"bbox":{"x":510.0537937963355,"y":405.2229678903336,"width":100,"height":60,"rotation":0.3600000000000003,"scale":{"x":1.666242258862664,"y":0.5909090909094006},"skew":{"x":0,"y":0},"anchor":{"x":0,"y":0}},"blend":"normal","id":"16a8bb89-9d2d-4f0a-9da4-5d21c46fa2b4","idx":83,"parentId":"Top","pointerId":"you_66084","seed":348924325,"fill":{"isPaint":true,"method":"fill","blend":"normal","enabled":true,"opacity":1,"type":"color","color":"#fff200","isFill":true},"filter":{"enabled":true,"opened":true,"stack":[]},"stroke":{"isPaint":true,"method":"stroke","blend":"normal","enabled":true,"opacity":0,"type":"color","color":"#000000","isStroke":true,"alignment":0.5,"lineCap":"round","lineDash":"none","lineDashOffset":0,"lineJoin":"miter","lineWidth":2,"lineWidthVariance":0,"miterLimit":4}},{"type":"rectangle","cutout":0,"roundness":0,"bbox":{"x":521.0537937963355,"y":372.2229678903336,"width":100,"height":60,"rotation":0.3600000000000003,"scale":{"x":1.666242258862664,"y":0.5909090909094006},"skew":{"x":0,"y":0},"anchor":{"x":0,"y":0}},"blend":"normal","id":"21c51065-1dd0-4621-ad03-3293dc9e12f9","idx":84,"parentId":"Top","pointerId":"you_66084","seed":348924325,"fill":{"isPaint":true,"method":"fill","blend":"normal","enabled":true,"opacity":1,"type":"color","color":"#2469ff","isFill":true},"filter":{"enabled":true,"opened":true,"stack":[]},"stroke":{"isPaint":true,"method":"stroke","blend":"normal","enabled":true,"opacity":0,"type":"color","color":"#000000","isStroke":true,"alignment":0.5,"lineCap":"round","lineDash":"none","lineDashOffset":0,"lineJoin":"miter","lineWidth":2,"lineWidthVariance":0,"miterLimit":4}},{"type":"rectangle","cutout":0,"roundness":0,"bbox":{"x":674.0537937963354,"y":465.22296789033356,"width":100,"height":60,"rotation":0.3600000000000003,"scale":{"x":1.7137636789236566,"y":0.5909090909094006},"skew":{"x":0,"y":0},"anchor":{"x":0,"y":0}},"blend":"normal","id":"397832a1-7033-4972-a564-2b0db35c7f72","idx":85,"parentId":"Top","pointerId":"you_66084","seed":348924325,"fill":{"isPaint":true,"method":"fill","blend":"normal","enabled":true,"opacity":1,"type":"color","color":"#74a126","isFill":true},"filter":{"enabled":true,"opened":true,"stack":[]},"stroke":{"isPaint":true,"method":"stroke","blend":"normal","enabled":true,"opacity":0,"type":"color","color":"#000000","isStroke":true,"alignment":0.5,"lineCap":"round","lineDash":"none","lineDashOffset":0,"lineJoin":"miter","lineWidth":2,"lineWidthVariance":0,"miterLimit":4}},{"type":"rectangle","cutout":0,"roundness":0,"bbox":{"x":686.0537937963354,"y":434.22296789033356,"width":100,"height":60,"rotation":0.3600000000000003,"scale":{"x":1.7137636789236566,"y":0.5909090909094006},"skew":{"x":0,"y":0},"anchor":{"x":0,"y":0}},"blend":"normal","id":"915f26e0-1691-434f-9231-07e25b0b773e","idx":86,"parentId":"Top","pointerId":"you_66084","seed":348924325,"fill":{"isPaint":true,"method":"fill","blend":"normal","enabled":true,"opacity":1,"type":"color","color":"#ff3737","isFill":true},"filter":{"enabled":true,"opened":true,"stack":[]},"stroke":{"isPaint":true,"method":"stroke","blend":"normal","enabled":true,"opacity":0,"type":"color","color":"#000000","isStroke":true,"alignment":0.5,"lineCap":"round","lineDash":"none","lineDashOffset":0,"lineJoin":"miter","lineWidth":2,"lineWidthVariance":0,"miterLimit":4}},{"type":"rectangle","cutout":0,"roundness":0,"bbox":{"x":802.9702702405019,"y":119.91869455330092,"width":100,"height":60,"rotation":1.9399999999999995,"scale":{"x":3.706912922342832,"y":0.5909090909094006},"skew":{"x":0,"y":0},"anchor":{"x":0,"y":0}},"blend":"normal","id":"7fb95e86-a9bb-4405-b2df-a9ff6a9497ec","idx":87,"parentId":"Top","pointerId":"you_66084","seed":348924325,"fill":{"isPaint":true,"method":"fill","blend":"normal","enabled":true,"opacity":1,"type":"color","color":"#2469ff","isFill":true},"filter":{"enabled":true,"opened":true,"stack":[]},"stroke":{"isPaint":true,"method":"stroke","blend":"normal","enabled":true,"opacity":0,"type":"color","color":"#000000","isStroke":true,"alignment":0.5,"lineCap":"round","lineDash":"none","lineDashOffset":0,"lineJoin":"miter","lineWidth":2,"lineWidthVariance":0,"miterLimit":4}},{"type":"rectangle","cutout":0,"roundness":0,"bbox":{"x":833.9702702405019,"y":131.91869455330092,"width":100,"height":60,"rotation":1.9399999999999995,"scale":{"x":3.706912922342832,"y":0.5909090909094006},"skew":{"x":0,"y":0},"anchor":{"x":0,"y":0}},"blend":"normal","id":"a11ec08c-867e-4e85-a5b4-8f8e14f5ac87","idx":88,"parentId":"Top","pointerId":"you_66084","seed":348924325,"fill":{"isPaint":true,"method":"fill","blend":"normal","enabled":true,"opacity":1,"type":"color","color":"#ff3737","isFill":true},"filter":{"enabled":true,"opened":true,"stack":[]},"stroke":{"isPaint":true,"method":"stroke","blend":"normal","enabled":true,"opacity":0,"type":"color","color":"#000000","isStroke":true,"alignment":0.5,"lineCap":"round","lineDash":"none","lineDashOffset":0,"lineJoin":"miter","lineWidth":2,"lineWidthVariance":0,"miterLimit":4}},{"type":"rectangle","cutout":0,"roundness":0,"bbox":{"x":665.9702702405019,"y":464.91869455330095,"width":100,"height":60,"rotation":1.9399999999999995,"scale":{"x":3.706912922342832,"y":0.5909090909094006},"skew":{"x":0,"y":0},"anchor":{"x":0,"y":0}},"blend":"normal","id":"e0198a1e-2014-4c1a-b10d-25c5d1d7a1e7","idx":89,"parentId":"Top","pointerId":"you_66084","seed":348924325,"fill":{"isPaint":true,"method":"fill","blend":"normal","enabled":true,"opacity":1,"type":"color","color":"#fff200","isFill":true},"filter":{"enabled":true,"opened":true,"stack":[]},"stroke":{"isPaint":true,"method":"stroke","blend":"normal","enabled":true,"opacity":0,"type":"color","color":"#000000","isStroke":true,"alignment":0.5,"lineCap":"round","lineDash":"none","lineDashOffset":0,"lineJoin":"miter","lineWidth":2,"lineWidthVariance":0,"miterLimit":4}},{"type":"rectangle","cutout":0,"roundness":0,"bbox":{"x":699.9702702405019,"y":476.91869455330055,"width":100,"height":60,"rotation":1.9399999999999995,"scale":{"x":3.706912922342832,"y":0.5998582839472668},"skew":{"x":0,"y":0},"anchor":{"x":0,"y":0}},"blend":"normal","id":"0c7f394c-c3fa-48f1-963b-d251cb5a372b","idx":90,"parentId":"Top","pointerId":"you_66084","seed":348924325,"fill":{"isPaint":true,"method":"fill","blend":"normal","enabled":true,"opacity":1,"type":"color","color":"#74a126","isFill":true},"filter":{"enabled":true,"opened":true,"stack":[]},"stroke":{"isPaint":true,"method":"stroke","blend":"normal","enabled":true,"opacity":0,"type":"color","color":"#000000","isStroke":true,"alignment":0.5,"lineCap":"round","lineDash":"none","lineDashOffset":0,"lineJoin":"miter","lineWidth":2,"lineWidthVariance":0,"miterLimit":4}},{"type":"rectangle","cutout":0,"roundness":0,"bbox":{"x":928,"y":761,"width":2,"height":6,"rotation":0,"scale":{"x":1,"y":1},"skew":{"x":0,"y":0},"anchor":{"x":0,"y":0}},"blend":"normal","id":"ac76a8e6-3d31-4c9f-99c7-f2393ed87ee2","idx":91,"parentId":"Top","pointerId":"you_66233","seed":1225421757,"fill":{"isPaint":true,"method":"fill","blend":"normal","enabled":true,"opacity":1,"type":"color","color":"#9dd241","isFill":true},"filter":{"enabled":true,"opened":true,"stack":[]},"stroke":{"isPaint":true,"method":"stroke","blend":"normal","enabled":true,"opacity":0,"type":"color","color":"#000000","isStroke":true,"alignment":0.5,"lineCap":"round","lineDash":"none","lineDashOffset":0,"lineJoin":"miter","lineWidth":2,"lineWidthVariance":0,"miterLimit":4}},{"type":"rectangle","cutout":0,"roundness":0,"bbox":{"x":603,"y":633,"width":1,"height":1,"rotation":0,"scale":{"x":1,"y":1},"skew":{"x":0,"y":0},"anchor":{"x":0,"y":0}},"blend":"normal","id":"f090519c-b44a-40e7-a10e-23354b4e70ee","idx":92,"parentId":"Top","pointerId":"you_66277","seed":628726889,"fill":{"isPaint":true,"method":"fill","blend":"normal","enabled":true,"opacity":1,"type":"color","color":"#74a126","isFill":true},"filter":{"enabled":true,"opened":true,"stack":[]},"stroke":{"isPaint":true,"method":"stroke","blend":"normal","enabled":true,"opacity":0,"type":"color","color":"#000000","isStroke":true,"alignment":0.5,"lineCap":"round","lineDash":"none","lineDashOffset":0,"lineJoin":"miter","lineWidth":2,"lineWidthVariance":0,"miterLimit":4}},{"type":"ellipse","cutout":0,"bbox":{"x":360.60334087113137,"y":727.7912806678517,"width":752,"height":328,"rotation":5.1,"scale":{"x":0.9925995288757464,"y":1.161849853302337},"skew":{"x":0,"y":0},"anchor":{"x":0,"y":0}},"blend":"normal","id":"034481ba-fc9a-4671-9e6b-ddda4beac5ba","idx":93,"parentId":"Top","pointerId":"you_65544","seed":790239755,"fill":{"isPaint":true,"method":"fill","blend":"normal","enabled":true,"opacity":0,"type":"color","color":"#ffffff","isFill":true},"filter":{"enabled":true,"opened":true,"stack":[]},"stroke":{"isPaint":true,"method":"stroke","blend":"normal","enabled":true,"opacity":1,"type":"color","color":"#000000","isStroke":true,"alignment":0.5,"lineCap":"round","lineDash":"none","lineDashOffset":0,"lineJoin":"miter","lineWidth":42,"lineWidthVariance":0,"miterLimit":4}},{"type":"fancyText","content":"Main Menu","fontFamily":"chela-one","fontSize":71,"fontStyle":"normal","fontVariant":"normal","fontWeight":400,"letterSpacing":0,"lineHeight":1,"searchTerm":"","textAlign":"center","textDecoration":"none","textTransform":"none","wordSpacing":0,"fitText":true,"whiteSpace":"pre-wrap","bbox":{"x":901.9999999999,"y":44.9999999999,"width":300,"height":100,"rotation":0,"scale":{"x":1,"y":1},"skew":{"x":0,"y":0},"anchor":{"x":0,"y":0}},"blend":"normal","id":"a9ddf770-31cf-43ba-80fb-33dbd03bbbd6","idx":94,"parentId":"Top","pointerId":"you_66333","seed":1182781307,"fill":{"isPaint":true,"method":"fill","blend":"normal","enabled":true,"opacity":1,"type":"color","color":"#000000","isFill":true},"filter":{"enabled":false,"opened":true,"stack":[]},"stroke":{"isPaint":true,"method":"stroke","blend":"normal","enabled":false,"opacity":0,"type":"gradient","gradient":{"type":"linearGradient","noise":0,"spreadMethod":"pad","stops":[{"color":"#e43a15","offset":0},{"color":"#e65245","offset":1}],"x1":0.5,"y1":1,"x2":0.5,"y2":0},"isStroke":true,"alignment":0.5,"lineCap":"round","lineDash":"none","lineDashOffset":0,"lineJoin":"miter","lineWidth":1,"lineWidthVariance":0,"miterLimit":4}},{"type":"fancyText","content":"# of cards","fontFamily":"chela-one","fontSize":80,"fontStyle":"normal","fontVariant":"normal","fontWeight":400,"letterSpacing":0,"lineHeight":1,"searchTerm":"","textAlign":"center","textDecoration":"none","textTransform":"none","wordSpacing":0,"fitText":true,"whiteSpace":"pre-wrap","bbox":{"x":965.9999999999,"y":254.9999999999,"width":300,"height":100,"rotation":0,"scale":{"x":1,"y":1},"skew":{"x":0,"y":0},"anchor":{"x":0,"y":0}},"blend":"normal","id":"28c31d9a-0770-451e-82cb-619b346e4832","idx":95,"parentId":"Top","pointerId":"you_66538","seed":1782557744,"fill":{"isPaint":true,"method":"fill","blend":"normal","enabled":true,"opacity":1,"type":"color","color":"#000000","isFill":true},"filter":{"enabled":false,"opened":true,"stack":[]},"stroke":{"isPaint":true,"method":"stroke","blend":"normal","enabled":false,"opacity":0,"type":"gradient","gradient":{"type":"linearGradient","noise":0,"spreadMethod":"pad","stops":[{"color":"#e43a15","offset":0},{"color":"#e65245","offset":1}],"x1":0.5,"y1":1,"x2":0.5,"y2":0},"isStroke":true,"alignment":0.5,"lineCap":"round","lineDash":"none","lineDashOffset":0,"lineJoin":"miter","lineWidth":1,"lineWidthVariance":0,"miterLimit":4}},{"type":"fancyText","content":"Multi-player","fontFamily":"chela-one","fontSize":74.875,"fontStyle":"normal","fontVariant":"normal","fontWeight":400,"letterSpacing":0,"lineHeight":1,"searchTerm":"","textAlign":"center","textDecoration":"none","textTransform":"none","wordSpacing":0,"fitText":true,"whiteSpace":"pre-wrap","bbox":{"x":920.9999999999,"y":437.99999999989996,"width":366.9202347315578,"height":156.95512820507406,"rotation":0,"scale":{"x":1,"y":1},"skew":{"x":0,"y":0},"anchor":{"x":0,"y":0}},"blend":"normal","id":"5c300b28-0419-44f4-9076-0f8ca48049c3","idx":96,"parentId":"Top","pointerId":"you_66574","seed":1646266452,"fill":{"isPaint":true,"method":"fill","blend":"normal","enabled":true,"opacity":1,"type":"color","color":"#000000","isFill":true},"filter":{"enabled":false,"opened":true,"stack":[]},"stroke":{"isPaint":true,"method":"stroke","blend":"normal","enabled":false,"opacity":0,"type":"gradient","gradient":{"type":"linearGradient","noise":0,"spreadMethod":"pad","stops":[{"color":"#e43a15","offset":0},{"color":"#e65245","offset":1}],"x1":0.5,"y1":1,"x2":0.5,"y2":0},"isStroke":true,"alignment":0.5,"lineCap":"round","lineDash":"none","lineDashOffset":0,"lineJoin":"miter","lineWidth":1,"lineWidthVariance":0,"miterLimit":4}},{"type":"fancyText","content":"Difficulty","fontFamily":"chela-one","fontSize":78,"fontStyle":"normal","fontVariant":"normal","fontWeight":400,"letterSpacing":0,"lineHeight":1,"searchTerm":"","textAlign":"center","textDecoration":"none","textTransform":"none","wordSpacing":0,"fitText":true,"whiteSpace":"pre-wrap","bbox":{"x":859.9999999999,"y":621.9999999999,"width":280.00000000000665,"height":88.00000000001201,"rotation":0,"scale":{"x":1,"y":1},"skew":{"x":0,"y":0},"anchor":{"x":0,"y":0}},"blend":"normal","id":"e86c7c25-f9ed-408e-8ce1-35079c33e247","idx":97,"parentId":"Top","pointerId":"you_66599","seed":470640622,"fill":{"isPaint":true,"method":"fill","blend":"normal","enabled":true,"opacity":1,"type":"color","color":"#000000","isFill":true},"filter":{"enabled":false,"opened":true,"stack":[]},"stroke":{"isPaint":true,"method":"stroke","blend":"normal","enabled":false,"opacity":0,"type":"gradient","gradient":{"type":"linearGradient","noise":0,"spreadMethod":"pad","stops":[{"color":"#e43a15","offset":0},{"color":"#e65245","offset":1}],"x1":0.5,"y1":1,"x2":0.5,"y2":0},"isStroke":true,"alignment":0.5,"lineCap":"round","lineDash":"none","lineDashOffset":0,"lineJoin":"miter","lineWidth":1,"lineWidthVariance":0,"miterLimit":4}},{"type":"fancyText","content":"OREO","fontFamily":"chela-one","fontSize":154,"fontStyle":"normal","fontVariant":"normal","fontWeight":400,"letterSpacing":0,"lineHeight":1,"searchTerm":"","textAlign":"center","textDecoration":"none","textTransform":"none","wordSpacing":0,"fitText":true,"whiteSpace":"pre-wrap","bbox":{"x":468.20381850843324,"y":410.02261810309636,"width":394.0623410118106,"height":167.80507037709936,"rotation":6.109999999999999,"scale":{"x":1,"y":1},"skew":{"x":0,"y":0},"anchor":{"x":0,"y":0}},"blend":"normal","id":"a96b3777-3e60-4929-9ca1-d90e7dc766ad","idx":98,"parentId":"Top","pointerId":"you_66641","seed":288082798,"fill":{"isPaint":true,"method":"fill","blend":"normal","enabled":true,"opacity":1,"type":"color","color":"#000000","isFill":true},"filter":{"enabled":false,"opened":true,"stack":[]},"stroke":{"isPaint":true,"method":"stroke","blend":"normal","enabled":false,"opacity":0,"type":"gradient","gradient":{"type":"linearGradient","noise":0,"spreadMethod":"pad","stops":[{"color":"#e43a15","offset":0},{"color":"#e65245","offset":1}],"x1":0.5,"y1":1,"x2":0.5,"y2":0},"isStroke":true,"alignment":0.5,"lineCap":"round","lineDash":"none","lineDashOffset":0,"lineJoin":"miter","lineWidth":1,"lineWidthVariance":0,"miterLimit":4}},{"type":"fancyText","content":"OREO","fontFamily":"chela-one","fontSize":154,"fontStyle":"normal","fontVariant":"normal","fontWeight":400,"letterSpacing":0,"lineHeight":1,"searchTerm":"","textAlign":"center","textDecoration":"none","textTransform":"none","wordSpacing":0,"fitText":true,"whiteSpace":"pre-wrap","bbox":{"x":473.20381850843324,"y":407.02261810309636,"width":394.0623410118106,"height":167.80507037709936,"rotation":6.109999999999999,"scale":{"x":1,"y":1},"skew":{"x":0,"y":0},"anchor":{"x":0,"y":0}},"blend":"normal","id":"9f161dce-4d2d-41f5-8254-7770139358b4","idx":99,"parentId":"Top","pointerId":"you_66641","seed":288082798,"fill":{"isPaint":true,"method":"fill","blend":"normal","enabled":true,"opacity":1,"type":"color","color":"#ffffff","isFill":true},"filter":{"enabled":false,"opened":true,"stack":[]},"stroke":{"isPaint":true,"method":"stroke","blend":"normal","enabled":false,"opacity":0,"type":"gradient","gradient":{"type":"linearGradient","noise":0,"spreadMethod":"pad","stops":[{"color":"#e43a15","offset":0},{"color":"#e65245","offset":1}],"x1":0.5,"y1":1,"x2":0.5,"y2":0},"isStroke":true,"alignment":0.5,"lineCap":"round","lineDash":"none","lineDashOffset":0,"lineJoin":"miter","lineWidth":1,"lineWidthVariance":0,"miterLimit":4}},{"type":"fancyText","content":"OREO","fontFamily":"chela-one","fontSize":154,"fontStyle":"normal","fontVariant":"normal","fontWeight":400,"letterSpacing":0,"lineHeight":1,"searchTerm":"","textAlign":"center","textDecoration":"none","textTransform":"none","wordSpacing":0,"fitText":true,"whiteSpace":"pre-wrap","bbox":{"x":476.20381850843324,"y":405.02261810309636,"width":394.0623410118106,"height":167.80507037709936,"rotation":6.109999999999999,"scale":{"x":1,"y":1},"skew":{"x":0,"y":0},"anchor":{"x":0,"y":0}},"blend":"normal","id":"0b61cf6e-7254-4751-8062-5b5247fd0c79","idx":100,"parentId":"Top","pointerId":"you_66641","seed":288082798,"fill":{"isPaint":true,"method":"fill","blend":"normal","enabled":true,"opacity":1,"type":"color","color":"#000000","isFill":true},"filter":{"enabled":false,"opened":true,"stack":[]},"stroke":{"isPaint":true,"method":"stroke","blend":"normal","enabled":false,"opacity":0,"type":"gradient","gradient":{"type":"linearGradient","noise":0,"spreadMethod":"pad","stops":[{"color":"#e43a15","offset":0},{"color":"#e65245","offset":1}],"x1":0.5,"y1":1,"x2":0.5,"y2":0},"isStroke":true,"alignment":0.5,"lineCap":"round","lineDash":"none","lineDashOffset":0,"lineJoin":"miter","lineWidth":1,"lineWidthVariance":0,"miterLimit":4}},{"type":"circle","cutout":0,"blend":"normal","exportable":true,"findable":true,"fill":{"isPaint":true,"method":"fill","blend":"normal","enabled":true,"opacity":1,"type":"color","color":"#fff200","isFill":true},"filter":{"enabled":true,"opened":true,"stack":[]},"stroke":{"isPaint":true,"method":"stroke","blend":"normal","enabled":true,"opacity":1,"type":"color","color":"#000000","isStroke":true,"alignment":0.5,"lineCap":"round","lineDash":"none","lineDashOffset":0,"lineJoin":"miter","lineWidth":2,"lineWidthVariance":0,"miterLimit":4},"bbox":{"x":1470.9967730083195,"y":122.00182597169349,"width":1.4164641202608865,"height":1.4164641202608865,"rotation":3.9299999999999997,"scale":{"x":1,"y":1},"skew":{"x":0,"y":0},"anchor":{"x":0,"y":0}},"id":"63fe9b85-cb50-4424-a877-0e3e30f8550d","seed":737535838,"pointerId":"you_65561","parentId":"Top","idx":101}]}